{"recall": 0.7426440149507754, "precision": 0.7693613063624719, "f1": 0.7467553534711959, "loss_list": [0.4771182751748711, 0.28373397015966473, 0.2129044875036925, 0.17913080994039773, 0.15709443353116512, 0.14086096150567756, 0.12971407662844286, 0.12159828264266252, 0.1157912430120632, 0.1102772610494867, 0.10580650861375034, 0.10248316181823611, 0.0989411473274231, 0.09677351266145706, 0.09374427689472213, 0.09102172979619354, 0.08872783491387963, 0.08697909456677735, 0.0851339403539896, 0.08301928479922935, 0.0811748051433824, 0.0798336973763071, 0.07870027483440936, 0.07661294471472502, 0.07508660019375384, 0.07394291246891953, 0.0725955494795926, 0.07092993329861201, 0.06971637493697927, 0.06902455110684969, 0.06794564731535502, 0.06670789251802489, 0.06567146540619433, 0.0651226595742628, 0.06373842539032921, 0.06311999072204344, 0.06160048837191425, 0.06109322041738778, 0.06048283926793374, 0.05914584124693647, 0.058409616042627024, 0.05711046627839096, 0.057359918853035194, 0.05637746887514368, 0.05527156997122802, 0.05491417671437375, 0.053957648744108154, 0.05352938323630951, 0.053671979205682875, 0.05179961264366284, 0.051436175464186815, 0.05080654644407332, 0.05079773279139772, 0.04989545115677174, 0.04934529863239732, 0.048842774267541245, 0.047880400938447566, 0.04735498713562265, 0.04687429271580186, 0.04667063943343237, 0.046055937139317396, 0.04646450816653669, 0.0452002914622426, 0.044739244983065876, 0.044079222416621634, 0.04345502203213982, 0.04281874698062893, 0.04351121268991846, 0.0422125315584708, 0.04231440707517322, 0.0414097612578189, 0.04099114239506889, 0.04105222508951556, 0.03991977400437463, 0.0404673130280571, 0.03966661884624045, 0.039532109221909195, 0.03938541267707478, 0.03843052515585441, 0.03799910882080439, 0.037882874382194134, 0.037085447754361664, 0.036660328923608175, 0.03648571875237394, 0.0362601020548027, 0.03602873127965722, 0.036147004619124345, 0.035524547629756854, 0.03530013891577255, 0.034889473841758445, 0.03433823829691392, 0.03413314678473398, 0.034177365008508785, 0.03365411133563612, 0.033203781701740806, 0.03329883324331604, 0.03277938500104938, 0.03322280307183974, 0.03316542168904561, 0.03204023516445886, 0.03176692876731977, 0.0322146858292399, 0.0315534367779037, 0.031464260505163114, 0.03172518357168883, 0.03058635491761379, 0.03071560559619684, 0.030338780905003658, 0.03036861180444248, 0.029598404707212467, 0.02946864014083985, 0.029078606626717372, 0.02924578354577534, 0.029166769035509788, 0.0290005668066442, 0.02828968355024699, 0.02884861812053714, 0.028731574388802982, 0.02773176645714557, 0.028144886961672454, 0.027727030878304505, 0.027579629409592597, 0.026768816163530572, 0.02734465045214165, 0.026679352606879547, 0.02650878581625875, 0.02659334746131208, 0.026304122075089253, 0.026586496393429117, 0.02596001157653518, 0.025507161882705985, 0.0261494012811454, 0.025806753410142845, 0.025477794661128428, 0.025099931658769493, 0.024807743428391406, 0.024518731773423497, 0.024387995201686864, 0.02415495976456441, 0.024742249336850364, 0.024543710895522965, 0.024195192605839112, 0.024511136981891467, 0.02420642330835108, 0.023370289905869868, 0.02414475461555412, 0.023381200357107446, 0.022962734480097426, 0.023244791603065095, 0.022785677922365723, 0.02273474191169953, 0.023096908870502374, 0.02310002346202964, 0.022544957595528103, 0.02264976820733864, 0.022371484426548703, 0.02203413735696813, 0.021460531004413495, 0.02168774477322586, 0.022135032802179922, 0.021909743442665785, 0.021379722843994385, 0.02122378278436372, 0.021125822050089484, 0.0211832324435818, 0.020668829866917805, 0.021882834889402146, 0.020582224549434612, 0.020731586559850256, 0.02045951995678479, 0.020149649289669468, 0.020613737376697826, 0.019841233643819577, 0.02000736792542739, 0.02073186544002965, 0.020383400526770856, 0.02087877759913681, 0.019825425020826515, 0.019434795397683047, 0.019134292204398662, 0.01939554239361314, 0.019469762218068353, 0.020720388005429413, 0.01922400391631527, 0.018675530864857137, 0.018775129884306806, 0.018693307238572744, 0.01844092855171766, 0.018997035030042752, 0.01882455791637767, 0.018254239337693434, 0.018467362647061236, 0.018347251068917103, 0.01871021582192043, 0.01799989371938864, 0.018323591456282883, 0.017965269691194406, 0.018220097578887363, 0.0186279544577701, 0.018724811055290048, 0.017928058131656145, 0.017120304008130915, 0.017210124077973888, 0.017211231717374174, 0.017185025151411536, 0.01729892775474582, 0.017338632604514716, 0.017587346823711415, 0.016993093783094083, 0.017072729716892353, 0.01717863837548066, 0.016715502688020932, 0.01744058055774076, 0.016623517451807856, 0.016239531137398445, 0.01708885236585047, 0.01683728544448968, 0.016831255817669442, 0.017117790826887358, 0.01651266743137967, 0.01669638410094194, 0.01671096287172986, 0.016052160717663355, 0.015734104080183896, 0.015505291208683047, 0.016200514956290137, 0.015636910576722583, 0.015539892739616335, 0.015752093146147672, 0.017161124511039814, 0.015612646097724791, 0.015150003103190101, 0.015329816295707132, 0.016338016308145596, 0.01573995658545755, 0.01531503413207247, 0.014901229773386149, 0.015026979974209098, 0.014367881500220392, 0.014629268525459338, 0.01475115381545038, 0.014705410429451149, 0.014992369440733455, 0.015296810417203233, 0.014274648885475472, 0.014225286928558489, 0.01576028020863305, 0.015076010516349925, 0.015062448809476336, 0.014776061593875057, 0.015074412603280508, 0.014423078175605042, 0.01388274590644869, 0.013784359639976174, 0.014306511348695494, 0.013936824385018554, 0.014063711638300447, 0.01393686529918341, 0.015078356896992773, 0.013733331076218746, 0.014856342031271197, 0.014092861592507689, 0.013699689972418128, 0.013470901954860892, 0.014056192411953817, 0.013441806426271796, 0.013268040978437057, 0.013457229008054128, 0.013649858397548087, 0.013280388729617698, 0.013406664737703976, 0.013325321571028326, 0.013279308230994501, 0.01336284509525285, 0.013171040214365349, 0.013024649371800479, 0.013084107205213514, 0.013203965568391141, 0.013651750676217489, 0.013122079135064269, 0.013375415108748711, 0.014014078371110373, 0.012983862843248062, 0.013114066165871918, 0.01288087214488769, 0.012816960125928745, 0.014173781935824081, 0.012513838842278347, 0.012296185607556253, 0.011924780387926149, 0.0131367069130647, 0.012238610402710038, 0.012436738826363581, 0.011932184838224202, 0.01261677172515192, 0.012177987388713517, 0.01193871251452947, 0.012228528522246051, 0.01300685662208707, 0.012537211042945274, 0.01178519150489592, 0.01233358568570111, 0.01156229758853442, 0.0116080454463372, 0.011739761656644986, 0.011941448805009714, 0.012011246698966716, 0.012175425271561836, 0.012125920976541239, 0.011586777838965645, 0.01287494350108318, 0.0119940682365268, 0.012455651666823542, 0.011557471600099234, 0.011412677435873774, 0.012095760344527662, 0.011330225637357217, 0.012366532977466704, 0.01106043692707317, 0.01090906323370291, 0.011913750783423892, 0.011116128695721272, 0.011842314358364091, 0.011024243587598903, 0.011117850328446366, 0.011060300732060569, 0.011806504920969019, 0.01123827132032602, 0.0110760232215398, 0.01155765849398449, 0.011197902670392067, 0.010908528449363075, 0.010700768615060951, 0.012548361370863858, 0.010480401897802949, 0.010976525135629345, 0.012356796047242824, 0.011273491561587435, 0.010867709181911777, 0.011047472440259299, 0.010838494115887443, 0.010497461837076116, 0.01145603614349966, 0.010205944670451573, 0.010486325507372385, 0.011158282375254203, 0.010659321260027355, 0.011566925495571923, 0.010062057212780928, 0.010309538475848968, 0.01021777674468467, 0.010542309915763326, 0.010359792113740695, 0.010609760291845304, 0.009967194851196837, 0.011394101371843135, 0.009951309880125336, 0.011505080184724648, 0.009903111264429753, 0.010237317586870631, 0.00985369145491859, 0.010111151623277692, 0.009822348396119196, 0.010269801821414149, 0.009862972543487558, 0.011213510874949862, 0.010486598112038337, 