{"recall": 0.697547953332015, "precision": 0.7776076364018766, "f1": 0.7121098316655478, "loss": [0.4781350230332464, 0.2892379687400535, 0.2161069472786039, 0.18170496239326894, 0.16001272178255022, 0.14392492966726422, 0.13205320754786953, 0.1243884795694612, 0.1183523319195956, 0.11219815444201231, 0.10822465410456061, 0.1049137333757244, 0.10174132126849145, 0.09821702318731695, 0.0953951874980703, 0.09373744460754097, 0.08982197137083858, 0.08856481732800603, 0.0863841735990718, 0.08431605284567922, 0.0821410573553294, 0.08060508989728987, 0.08024462242610753, 0.07818641333142295, 0.07592827870394103, 0.07461063464870676, 0.07336282113101333, 0.07186483289115131, 0.06952983886003494, 0.06960454175714403, 0.06799478025641292, 0.0671220482327044, 0.06615767648327164, 0.06592496391385794, 0.06495840757270344, 0.06564319701283239, 0.06183143213274889, 0.061731522786431015, 0.062064440455287695, 0.06029156545992009, 0.05850619517150335, 0.05753312009619549, 0.057580506370868534, 0.058062846219399944, 0.05609598700539209, 0.05530253774486482, 0.05487264215480536, 0.05475742765702307, 0.054611242696410045, 0.053669822693336755, 0.052039794478332624, 0.05152186626219191, 0.052629591984441504, 0.05053394514834508, 0.04971548312460072, 0.04919068835442886, 0.04900945952977054, 0.04814136997447349, 0.04805539354856592, 0.04768973047612235, 0.046930334210628644, 0.04924464246141724, 0.04540856255334802, 0.04585250813397579, 0.04547124102828093, 0.04404037172207609, 0.0438013621896971, 0.043787414964754134, 0.04289426145260222, 0.04435163155721966, 0.042459753443836235, 0.041714560851687565, 0.041991739810328, 0.041278504650108516, 0.04149829759262502, 0.040042331063887104, 0.04186920926440507, 0.03994240547763184, 0.04028446118172724, 0.03939913026988506, 0.03833640109223779, 0.0383074143610429, 0.03857119136955589, 0.03753473618417047, 0.03751184680731967, 0.03801356455369387, 0.037409930388093926, 0.03645391851023305, 0.0361979777662782, 0.03597653648466803, 0.034886087581980973, 0.03566481117741205, 0.035178968420950696, 0.03445812952122651, 0.03428157122107223, 0.0346104934142204, 0.03433669141668361, 0.03621388795727398, 0.03404551776475273, 0.03270524085382931, 0.03299707609403413, 0.03358595218742266, 0.03388548670045566, 0.03252339569735341, 0.035746955560171045, 0.03176373036694713, 0.031049082565004937, 0.031310943319112994, 0.03175385596114211, 0.030761757283471525, 0.029889713114243932, 0.03068017958139535, 0.031107986869756132, 0.030704755132319406, 0.030162386392476037, 0.030104660676443018, 0.030699096445459872, 0.030298795056296512, 0.029004541400354356, 0.029973082841024734, 0.029632109100930393, 0.029245208643260412, 0.027289964345982298, 0.02931752234871965, 0.027934506681049243, 0.02777487390267197, 0.026976259658113122, 0.02782803346053697, 0.02678412811656017, 0.027772357949288562, 0.026902433404757176, 0.027614776336122304, 0.02689591596572427, 0.025874230297631584, 0.02723666918609524, 0.02654569028527476, 0.026319600612623617, 0.025745402148459107, 0.024944631426478736, 0.02838706136390101, 0.02649986914912006, 0.02487881876004394, 0.025359930870763492, 0.025243106654670555, 0.024371703402721323, 0.025682981766294688, 0.024041239834332373, 0.02419380528590409, 0.024597065203124657, 0.0240114264015574, 0.023139162760344334, 0.023112585287890397, 0.02409888504189439, 0.02531973952136468, 0.022756990321795456, 0.023257106564415153, 0.024350705731194466, 0.022751218231860548, 0.02289505352382548, 0.022018915587977972, 0.024054927307588514, 0.022048616672691423, 0.021893148514209315, 0.02201777010486694, 0.022358947469911072, 0.022264924227783922, 0.02494419970025774, 0.02163302255939925, 0.021741418597230222, 0.021780660885269754, 0.021645685934345238, 0.02344215248740511, 0.020754135301103815, 0.020996409475628752, 0.020835689938394353, 0.022713866754202172, 0.021092083348776214, 0.020033488646731712, 0.020570625871187076, 0.021105218103912193, 0.02101161178870825, 0.020987790761864744, 0.019780463990173303, 0.019871678719937336, 0.019543502618034836, 0.01969608518993482, 0.020051275088917464, 0.019647700035420712, 0.01907301454775734, 0.020539560362522025, 0.019516302658303175, 0.020662626142438967, 0.018863296318158973, 0.02080399300029967, 0.019103270453342702, 0.01870343073096592, 0.018619566821143962, 0.018378293891146313, 0.01868928653857438, 0.021340276063710917, 0.018341045259148814, 0.018205672160547692, 0.017944493600225542, 0.018042740332020912, 0.018848998130124528, 0.01774627548729768, 0.017729229402903002, 0.017809240613132715, 0.01717527820437681, 0.01766848476108862, 0.01737484232580755, 0.0183608057704987, 0.01692108830320649, 0.018404568880214356, 0.017460123206546996, 0.01830385122593725, 0.016925458105106372, 0.017057152079360094, 0.017501096735941246, 0.017754729735315777, 0.01960283253720263, 0.01708742172922939, 0.016607484467385802, 0.017478580892202444, 0.016206482221605256, 0.018188600632129237, 0.015988956085493555, 0.016608568126684986, 0.01684419256343972, 0.015783416951308027, 0.01593618430342758, 0.016332577404682525, 0.015735433487861883, 0.015330591864767484, 0.01588465610984713, 0.015961382785462774, 0.01525404721905943, 0.0167288207958336, 0.01522454457153799, 0.015526466151641216, 0.016079470347904135, 0.015507292904658243, 0.015158556470851181, 0.016446838722913526, 0.014930062541679945, 0.01482042096904479, 0.017097685806220397, 0.015264532950823195, 0.01482690658303909, 0.01591117610951187, 0.01530119197559543, 0.015011708499514498, 0.014596911103581078, 0.014583615484298207, 0.014278398084570654, 0.014446062239585444, 0.014936608378775418, 0.016015700144635048, 0.015420417694258504, 0.014470356560195796, 0.01921665383997606, 0.013899529796617571, 0.014367395313456655, 0.013766488395049237, 0.013859559294360224, 0.013945969221822452, 0.014710983436089009, 0.013350631488719955, 0.014424300574319204, 0.013573426331277005, 0.013372981506108772, 0.013218857609899715, 0.014264645575167378, 0.014152668994938722, 0.013909102115576388, 0.013777024862065446, 0.01372351421014173, 0.015392429566418286, 0.015435207435075426, 0.015002672153059393, 0.01316249139563297, 0.01323259804485133, 0.013118313698214479, 0.014624993800680386, 0.016880846087587997, 0.012887830031104386, 0.014677721435873536, 0.0147843532031402, 0.012868495730799623, 0.012738292556605302, 0.016384770067816135, 0.012720487931801472, 0.014029470468813088, 0.012533843593701022, 0.01408204774998012, 0.012280857663427014, 0.01278606347477762, 0.012317034299485385, 0.012517311231931672, 0.012673776931478642, 0.012693914301053155, 0.015223914106172742, 0.012534862253232859, 0.012818157814763254, 0.012014608131721616, 0.011938597323023714, 0.013507199779269286, 0.012307229811995057, 0.014874114858685061, 0.011951617278100457, 0.01334181825950509, 0.011961038540903246, 0.011688151073030895, 0.011752443362638587, 0.012116045767470496, 0.013430596161924768, 0.011614309820288327, 0.012015110602078494, 0.011893586510268506, 0.011987198089627782, 0.012681865679041948, 0.011765025632485049, 0.011642821700661443, 0.011329429482429987, 0.011424678094044793, 0.011467788408481283, 0.012088611703802599, 0.012489726486819563, 0.011967141079367138, 0.013566864377935417, 0.012858057965786429, 0.010918274765572278, 0.011309601686662063, 0.011083877419878263, 0.010608811062411405, 0.010599938661471242, 0.012669739106058842, 0.014588348549295915, 0.010849334739759797, 0.01259144335926976, 0.011480448865768267, 0.010587782810034696, 0.0113163506212004, 0.01110749381405185, 0.011874656647705706, 0.014826068541879067, 0.010718358367739711, 0.01137768802800565, 0.010394830871518934, 0.011961563817749266, 0.010896435658651171, 0.010672624008293496, 0.010631848173943581, 0.01080663124230341, 0.010757472653494915, 0.014183593117195414, 0.01048894567793468, 0.010353918609325774, 0.01042400352525874, 0.009878347133053467, 0.010977540354360826, 0.010843013806152157, 0.010147136028535897, 0.011077671140810708, 0.009574342358973809, 0.010295601128746057, 