{"recall": 0.7597270974440105, "precision": 0.7747731643297356, "f1": 0.7605279332110436, "loss": [0.47805411252193153, 0.27914839575532824, 0.20960504026152194, 0.1763198517728597, 0.15554329054430127, 0.1396008175215684, 0.1297050931607373, 0.12171364639652893, 0.11642786767333746, 0.11102060205303133, 0.10637641994981095, 0.10265607485780492, 0.09935548511566594, 0.09815150895155966, 0.0953485646750778, 0.0918820709339343, 0.0899003332015127, 0.08768461336148903, 0.08635700773447752, 0.08400771615561098, 0.0813361654873006, 0.0802435650548432, 0.08064371885848232, 0.07690673132310621, 0.07559185632271692, 0.07360859765321948, 0.07208461762638763, 0.07088248617947102, 0.0691154021769762, 0.06952814865508117, 0.0680228648125194, 0.06685158878099173, 0.06504917080746964, 0.0645045620331075, 0.06340098645887338, 0.06274156679864973, 0.06134809073409997, 0.05965080813621171, 0.05980397009989247, 0.0587711040279828, 0.05882916151313111, 0.05683027999475598, 0.05758230431820266, 0.055381211917847395, 0.05502461112337187, 0.054841281002154574, 0.053851277218200266, 0.052746811852557585, 0.05298607677104883, 0.05133432234288193, 0.051178044552216306, 0.05066233573597856, 0.05067053812672384, 0.04894902664818801, 0.048433213887619786, 0.047698943089926615, 0.04823487554676831, 0.045919110387330875, 0.04622422927059233, 0.04566273291129619, 0.045487131428672, 0.046231036918470636, 0.04463606979697943, 0.04339541928493418, 0.04362113845127169, 0.042160188633715734, 0.042888886062428355, 0.04526792952674441, 0.040768433929770254, 0.04159287868242245, 0.040280345900100656, 0.04108393446949776, 0.040005438204389066, 0.039226657754625194, 0.04032792436191812, 0.039005260419799015, 0.03780544649634976, 0.039367519377265126, 0.038173380569787696, 0.03683351966901682, 0.03852963447570801, 0.03662838274613023, 0.035859933122992516, 0.03559681105252821, 0.03552076501364354, 0.03450372468796559, 0.03638493396283593, 0.035965462171589024, 0.03492252314754296, 0.035257466763141565, 0.034512638274463825, 0.03313083996181376, 0.03339064928877633, 0.032429412138299085, 0.0323803481151117, 0.0325659226073185, 0.03201886567694601, 0.03252674172108527, 0.031730923597933725, 0.03158713775337674, 0.03128891270898748, 0.033166113949846476, 0.03067472953989636, 0.031293075502617285, 0.0305464509583544, 0.03277164441533387, 0.030443062249105424, 0.030262579472037032, 0.030714923312189057, 0.029199201642768458, 0.029119873579475097, 0.028260848877835087, 0.02799793101439718, 0.02876684231159743, 0.028332461035461165, 0.027838356982101686, 0.028528115479275584, 0.027477915500639938, 0.026938980285194702, 0.028323733524302952, 0.026868802146054804, 0.027423273553722538, 0.026472200886928476, 0.029524465950089507, 0.025946042325813323, 0.026089968538144603, 0.025932645687134936, 0.02609054338245187, 0.028253029304323718, 0.02544917726481799, 0.024826174711051863, 0.026593793329084292, 0.025647123642556835, 0.024492017771990504, 0.024618080351501703, 0.0246230887787533, 0.023412863098201342, 0.024058475013589486, 0.023778684684657492, 0.023923006679979153, 0.02390473598643439, 0.02391542719124118, 0.024172642682970036, 0.023100608101231046, 0.0246005063818302, 0.022493141645099968, 0.02263245662470581, 0.02289759100676747, 0.022895614965818822, 0.023087299057806376, 0.021848745076567866, 0.022504635104269255, 0.02190624558716081, 0.022059070295654237, 0.02142871284740977, 0.021410748682683334, 0.020954349638486747, 0.02141627875971608, 0.02143913796317065, 0.021414169917989057, 0.022422572794312146, 0.0203063246444799, 0.02055653784191236, 0.02063312348036561, 0.020777374040335417, 0.01986348887294298, 0.020445063964871224, 0.020931475693942048, 0.019313002208946273, 0.019595731406298, 0.020094343104574364, 0.02023131452006055, 0.019988840409496333, 0.01979513694823254, 0.019842960122332443, 0.020414066246303264, 0.01990924713027198, 0.018833020898455288, 0.019021480555238668, 0.018153872719267383, 0.01851617309876019, 0.0190481563040521, 0.018509739653381985, 0.01935664369375445, 0.018505231222661678, 0.018153686796722468, 0.017911340182763524, 0.018154049830627628, 0.017694775779091287, 0.018073939660098404, 0.0181853141184547, 0.01797955125948647, 0.018884885161241982, 0.017764117154001724, 0.016847121973114554, 0.018437676910252776, 0.017514403501991183, 0.019423895711952355, 0.016820589175040368, 0.01728498785814736, 0.018250258566695265, 0.016397124891227577, 0.017862757107650395, 0.016461018669360783, 0.01669311572186416, 0.01749164792272495, 0.017750658123986796, 0.01604558021062985, 0.016621370174107142, 0.016235763650911395, 0.016504638231708668, 0.016058005880040582, 0.01685360930423485, 0.01600086018879665, 0.015633531955245417, 0.016623203788185492, 0.017582069340278395, 0.015580795639834832, 0.017762720068276394, 0.01647880591917783, 0.0172896123767714, 0.015021883242297918, 0.015404308032884728, 0.014707480113429483, 0.014577336674847174, 0.015515391802182421, 0.01720565122377593, 0.014417185913771391, 0.015427297374117188, 0.016450137263746, 0.015167884666880127, 0.014388390707608778, 0.014413357093872037, 0.017466587021772284, 0.01450807003857335, 0.014851933992758859, 0.015677935909479856, 0.013505793314834591, 0.013886708300560713, 0.014199768105754629, 0.014247030732803978, 0.01385486442813999, 0.014731561535882065, 0.015518755215452984, 0.013596164186310489, 0.014009455204359256, 0.013893997587729245, 0.015787137766892556, 0.015258075371093582, 0.013708821614272892, 0.016568971343076555, 0.013397386705037206, 0.013150343718734803, 0.013017321743973298, 0.013327573135029525, 0.013560758452513255, 0.01375441098207375, 0.01382751927303616, 0.013062537687801523, 0.013966376674943604, 0.013210244487709133, 0.01570699991134461, 0.013238273979368387, 0.013148715595889371, 0.015154887500102632, 0.012788594296580413, 0.01249767690023873, 0.012868074107245775, 0.013320213205588516, 0.012050937380990945, 0.013252426546387142, 0.013546714784752112, 0.013185776257159887, 0.01263161241877242, 0.01392836871673353, 0.012557567490148358, 0.012086864076991333, 0.01215098746251897, 0.013421280578768346, 0.011947296570724575, 0.01227900722733466, 0.01311143713974161, 0.01425242446566699, 0.012100836833269568, 0.011862717848998727, 0.012164758762082784, 0.013990186944283778, 0.011620859608228784, 0.012345837072643917, 0.011138341480545932, 0.011916645868041087, 0.01150043573215953, 0.012150724774983246, 0.011632684818323469, 0.01144475220280583, 0.013025430627749301, 0.011498173127620248, 0.013738054400164401, 0.01125625854183454, 0.01235107673346647, 0.010946268441330176, 0.011170066478371155, 0.011133869018522091, 0.010992814939527307, 0.011469634104287252, 0.01129698432123405, 0.012439404334145365, 0.010792006502015283, 0.011906332787475549, 0.011171844740601955, 0.01648191497224616, 0.012700985502306139, 0.012886474090919364, 0.012203309586766409, 0.010301221675035777, 0.010372337394073838, 0.010783248297229875, 0.01102723114672699, 0.011279130420007277, 0.01036301182830357, 0.01057053452313994, 0.010684975510230288, 0.013585228440206265, 0.011511531916767126, 0.010859569025342353, 0.011304273164569167, 0.010387323582108365, 0.010364897392719286, 0.010116671339346794, 0.01108836953426362, 0.010244217588478932, 0.010830881277797744, 0.010584622308670077, 0.011897853419213789, 0.009983754047425464, 0.010539000057178782, 0.011222535500564845, 0.010594785169814713, 0.010009741461544763, 0.01030402437390876, 0.009860050977295032, 0.010633876434440026, 0.013284122924233088, 0.009584725212334888, 0.010047097915958147, 0.009909449541737558, 0.009806684403883992, 0.010760245575511362, 0.009774401598406257, 0.01016244009588263, 0.010162938182475045, 0.01160123684167047, 0.009698962094262242, 0.00955758474083268, 0.009573731655109441, 0.010463831804372603, 0.009201460390613647, 0.011272671752522001, 0.009552613249979913, 0.009269920035876567, 0.00962651394365821, 0.009698113826743793, 0.01000006348840543, 0.011214451944397297, 0.010723464336479083, 0.011639460251899436, 0.010710726481192978,