{"recall": 0.7638823253638927, "precision": 0.7846149833072458, "f1": 0.7673154948076188, "loss_list": [0.4748225100338459, 0.27501249632332475, 0.21388469606172295, 0.1871710168197751, 0.16960262260399758, 0.15566354606999083, 0.14502925995038823, 0.13690710712689907, 0.13092581117525698, 0.12501657373504713, 0.11994420657865704, 0.11654352874029428, 0.11249969550408423, 0.10985997724346816, 0.10675019302871078, 0.10418151465710253, 0.10172671457985416, 0.09965545289451257, 0.09815807057311758, 0.09584127613343299, 0.09387675022007898, 0.09271551494020969, 0.09162984840804711, 0.08906916305422782, 0.08767176711698994, 0.08656474172603339, 0.08496149835409597, 0.08388300715014338, 0.08272965929936618, 0.08187361054588109, 0.08069594523985871, 0.07931911320192739, 0.07830033889622427, 0.07738669016980566, 0.07609428729047067, 0.07590803452767432, 0.07417743489495479, 0.0732900005474221, 0.07293395850574598, 0.07174310670816339, 0.07090373541577719, 0.06965699222637341, 0.06956340711330995, 0.06860294719226659, 0.06769031366566196, 0.06694058778812177, 0.06595704655628651, 0.06543965432210826, 0.06594431279809214, 0.06395433288416826, 0.06346253392403015, 0.0629208369704429, 0.062453952780924735, 0.06208870933041908, 0.06116677090176381, 0.06084866076125763, 0.05989575920975767, 0.05954552458715625, 0.05916368413600139, 0.05844901766395196, 0.057594480662373826, 0.05805840520770289, 0.05665608182898722, 0.05646838547545485, 0.05583328122738749, 0.05521015292033553, 0.05443421087693423, 0.05441802284331061, 0.05374611140578054, 0.05379679776960984, 0.05285306090372614, 0.052373024041298774, 0.05240155757637695, 0.0514490656205453, 0.051791821420192716, 0.05073169023380615, 0.05091855793725699, 0.05015162386698648, 0.04941937187104486, 0.049055119196418674, 0.049147522239945826, 0.048322147494764066, 0.04766153445234522, 0.04766823407262564, 0.04695460632210598, 0.046992011662223374, 0.0469526814238634, 0.04631796588655561, 0.04607809652807191, 0.045665966882370415, 0.045068230683682486, 0.04533503218262922, 0.04462115748028737, 0.044209053533268164, 0.04331802989472635, 0.04402125627675559, 0.04305526355165057, 0.04309358618629631, 0.04364046577538829, 0.04240974729182199, 0.04192069176351652, 0.04153353573055938, 0.04183828388922848, 0.04106531212164555, 0.041134199092630296, 0.04036383583443239, 0.04026388986967504, 0.04018658318091184, 0.040137680448242466, 0.039885360520565884, 0.03909832097706385, 0.038465748095768505, 0.03910057127650361, 0.03909356087679043, 0.03808110987301916, 0.03761468324519228, 0.03848393586522434, 0.037440543054253796, 0.037296027160482484, 0.03707258962385822, 0.0374465333588887, 0.0367839238839224, 0.03645810022135265, 0.036372877497342415, 0.03612360824481584, 0.03579590541194193, 0.03569267782731913, 0.03514945926144719, 0.03493899352033623, 0.03479508760210592, 0.034636266878806055, 0.034348505176603795, 0.03456353619112633, 0.03408822620403953, 0.03427999579871539, 0.033267330360831696, 0.03297282012063078, 0.03282224990252871, 0.03256814451015089, 0.0328533354710089, 0.03281374686921481, 0.03202690707403235, 0.03299631840200164, 0.032129828599863686, 0.03116694985947106, 0.03202191481541376, 0.03146076831326354, 0.03102544842113275, 0.03177085031056777, 0.03030271006282419, 0.030753530023503117, 0.029958592256298287, 0.03104492566199042, 0.030053754671826027, 0.030094165203627198, 0.030041805424843915, 0.029522547486703844, 0.029101330297999085, 0.02987579753389582, 0.0291523031599354, 0.029686813362059184, 0.028566698892973363, 0.028328273227089085, 0.0283611075632507, 0.028160212771035732, 0.027657149036531336, 0.0284611906594364, 0.028080865398806054, 0.027811997444950977, 0.02758435031864792, 0.027330107893794774, 0.027354658269905484, 0.026760119733808096, 0.026526810685754753, 0.026845034348662013, 0.026586347902775743, 0.02696561738703167, 0.02696077151049394, 0.026153526066627818, 0.025888327616848984, 0.02573768256261246, 0.026340900656941814, 0.02619355694769183, 0.025804079086810816, 0.025134242334752345, 0.02491133058356354, 0.025172052028938196, 0.024621675809612498, 0.025783956036320888, 0.024448482257139404, 0.024362323786772323, 0.024677020567469298, 0.024082168635504785, 0.024271982947539072, 0.023555023640801663, 0.023757580159872303, 0.023456067670485935, 0.023171160499623512, 0.024463179672602565, 0.02408242279634578, 0.023406652969424614, 0.02263904089923017, 0.022938154001894872, 0.022642911558796185, 0.022673217386181933, 0.02319600313785486, 0.0230220710975118, 0.02232619777059881, 0.02263862146064639, 0.021876311030064245, 0.022798512865847442, 0.021615195147751363, 0.02274510424322216, 0.02181274772301549, 0.02144993314432213, 0.021961238117364702, 0.022138722763338593, 0.022243585722753777, 0.02163261648383923, 0.02089128076477209, 0.021127819491084665, 0.02141852860659128, 0.020453862732392736, 0.021238571038702504, 0.02066201419220306, 0.02142249273310881, 0.02037154390272917, 0.01986487047834089, 0.020190477147116324, 0.02153709496196825, 0.020072317615267822, 0.019763376549235545, 0.02007713065831922, 0.02129835734376684, 0.020025413545954506, 0.019981754146283493, 0.01918980263872072, 0.019892160144809167, 0.01869132225838257, 0.01891759027639637, 0.018751261563738807, 0.019952885662496554, 0.018988766295660753, 0.019125271786469965, 0.018426168666337617, 0.01902320530352881, 0.019105704757384954, 0.01906845222983975, 0.01848444538481999, 0.019172080076532438, 0.01860550825513201, 0.018340373317187186, 0.017776186710398177, 0.01871086994797224, 0.017932957298762632, 0.018021848630451132, 0.0189114136795979, 0.017108118942996953, 0.01990151305217296, 0.017470061128551605, 0.017786809195240495, 0.01824327167851152, 0.016919261585280766, 0.017109120983514005, 0.016895231160742697, 0.01699038366205059, 0.01655675926594995, 0.017847568237630184, 0.016861801531922536, 0.01721253971918486, 0.016979869444912764, 0.016694060851295944, 0.016960697522154077, 0.016760832320142072, 0.01655649159947643, 0.01620203284692252, 0.016745379150961526, 0.01676795070670778, 0.016882521000661656, 0.016031019725778604, 0.01701686797023285, 0.01698327128542587, 0.01544088289665524, 0.015962748999299947, 0.015596020707744174, 0.01633520729301381, 0.016814566384709906, 0.015160866690712283, 0.015244672942208127, 0.015033417010272387, 0.01543559353594901, 0.01528247552778339, 0.015166758224222577, 0.015196344768628477, 0.01530676538532134, 0.014772493255441077, 0.015743054277118064, 0.014615998486260651, 0.015537726556067355, 0.015329396145534701, 0.014571301265095826, 0.015115409020654624, 0.014160575500136474, 0.014945746513694758, 0.014610170467494753, 0.014906443829386263, 0.015091211396065774, 0.013934108893590747, 0.013972477453353348, 0.015367467782925814, 0.01523711630361504, 0.01394063250918407, 0.014078453886759235, 0.01421292534796521, 0.013856779288471444, 0.01399059631730779, 0.014056148867530283, 0.01409999463285203, 0.013962729777995264, 0.01377537273510825, 0.013803811155230505, 0.013141637454828015, 0.01300842480850406, 0.013256209250539542, 0.01311503573160735, 0.013328036611346761, 0.015673099737614393, 0.01391858342467458, 0.012858064365718746, 0.013551817862753524, 0.013424245952774073, 0.012610136257717387, 0.013736871437140507, 0.013085372004570672, 0.012962064854218625, 0.012868124735541641, 0.013506972711184062, 0.013167948678892571, 0.013088101779430872, 0.012769327829300892, 0.013071191536437255, 0.012753971174970503, 0.014359150817472254, 0.012152718297147657, 0.012576757599163102, 0.012852112136897631, 0.012244665865728166, 0.013512430847913492, 0.012217409913137089, 0.012472265187534503, 0.012386859541584272, 0.012747147178743035, 0.011808419133740245, 0.012118096270569367, 0.011427760163496715, 0.014652221102005569, 0.011578357624966885, 0.012782534646976273, 0.01212663892438286, 0.011933504263288342, 0.011643332451058086, 0.011713266937294974, 0.011283533576352056, 0.012158162754349177, 0.012034760128881317, 0.012831523924978683, 0.012258215143810957, 0.012172533914417727, 