{"recall": 0.7538438720522075, "precision": 0.7666552195340832, "f1": 0.753669701486895, "loss": [0.47386133996769786, 0.2691289904760197, 0.21073291590437293, 0.1842668652534485, 0.16585486475378275, 0.15210658573778346, 0.14227414480410516, 0.13401262735715136, 0.12783051788574085, 0.12231151934247464, 0.11731176538160071, 0.1151741644134745, 0.1097177880583331, 0.10890756832668558, 0.10443965496961027, 0.1020859049167484, 0.10023171390639618, 0.09854378044838086, 0.09599131887080148, 0.09441175969550386, 0.09242062096018344, 0.09106555103790015, 0.08944995125057176, 0.08780439296970144, 0.08606453204993159, 0.08460523438407108, 0.08306385716423392, 0.08190884452778846, 0.08056560746626928, 0.08009865632629953, 0.07911800968577154, 0.07896436628652737, 0.07793661949108355, 0.07587790285469964, 0.07418893673457205, 0.07379804932861589, 0.07249905948992819, 0.07197446280042641, 0.07174930043402128, 0.06994815217331052, 0.06896487672929652, 0.06786478363210335, 0.06778611327172257, 0.06728256473434158, 0.06622059742221609, 0.06531168980291113, 0.06421653856523335, 0.06430279003689066, 0.06438426912063733, 0.06259506434435025, 0.0621958292031195, 0.06159436466987245, 0.06116394908167422, 0.06173706546542235, 0.060151715035317466, 0.05944604444084689, 0.05834851643885486, 0.05953622472588904, 0.05981903901556507, 0.05782277346588671, 0.05602119359537028, 0.05705237592337653, 0.056693757622269914, 0.055767827230738476, 0.05512483193888329, 0.05449984283768572, 0.05293847026769072, 0.05337756432709284, 0.05332505650585517, 0.05305563329602592, 0.052323549112770706, 0.05196597188478336, 0.05102252322831191, 0.050906192482216284, 0.05033974157413468, 0.049415224289987236, 0.05057863620459102, 0.04968449639272876, 0.04921930198906921, 0.04851656957180239, 0.0482130300370045, 0.046909819124266505, 0.04665744997328147, 0.04650582731119357, 0.04571977976593189, 0.04617460428562481, 0.04544369736686349, 0.04500955043477006, 0.04415360660641454, 0.044310991768725216, 0.04337840936204884, 0.04346116007945966, 0.04405569421942346, 0.04432782085496001, 0.043070959189208224, 0.0431159979198128, 0.04232035341556184, 0.04236939881229773, 0.041411924365093, 0.04093096125870943, 0.04197716369526461, 0.041164547961670905, 0.04102028733177576, 0.0392841839347966, 0.04067619508714415, 0.03935887306579389, 0.039650560065638274, 0.03945444279816002, 0.04032788942276966, 0.03831430854916107, 0.03813714279385749, 0.03831475546758156, 0.037972203877870925, 0.036464892109506764, 0.03760426843655296, 0.03635512040636968, 0.03751993898185901, 0.0376881631964352, 0.03581601336190943, 0.036162821226753294, 0.03582668519811705, 0.03557084212661721, 0.037310949875973165, 0.03511612997681368, 0.034889762915554456, 0.034753183150314726, 0.034786758944392204, 0.03445783493225463, 0.03406743817322422, 0.03331920169875957, 0.03392411026288755, 0.03301269593066536, 0.033068148521124385, 0.03551922962651588, 0.0315632918063784, 0.03173505130689591, 0.031948547810316086, 0.031850031271460466, 0.030778421263676137, 0.03160562721313909, 0.03221027852850966, 0.030380604133824818, 0.03177822187717538, 0.032378492527641356, 0.029844787379261106, 0.03287763400294352, 0.031121830965275876, 0.02924926727428101, 0.02966806736367289, 0.02945344142790418, 0.029370709948125295, 0.02998960018157959, 0.030471333520836197, 0.02850772172678262, 0.030580748469219543, 0.029630231802002527, 0.02842907859303523, 0.028132040941272862, 0.027355080368579365, 0.02777943816909101, 0.029986256879055873, 0.02783340292808134, 0.027845633710967377, 0.028326476051006466, 0.02763885463355109, 0.02629063701897394, 0.02646207502402831, 0.0267840809901827, 0.028564427499077283, 0.025964793589082547, 0.02613705661497079, 0.02601018126006238, 0.026489179726922885, 0.025626569578889757, 0.026741555717308074, 0.025356956146424636, 0.02442643925314769, 0.028258390448172577, 0.024969549871457275, 0.02543717244407162, 0.02570813814236317, 0.023834318868466653, 0.024531914714316372, 0.02552386281604413, 0.02364352226140909, 0.023989788896869868, 0.025558903493219987, 0.024077308058622293, 0.025327816205390263, 0.023439948010491207, 0.02330762927158503, 0.022901761636603624, 0.023123631792259403, 0.024182601046049967, 0.022183728637173772, 0.0223041517965612, 0.022709217984811403, 0.022308592735498678, 0.023408506327541545, 0.022518974910781253, 0.022775257639295887, 0.021366919951105956, 0.020814125331526157, 0.021417738098534755, 0.021342611165891867, 0.02172976586734876, 0.022546059750311542, 0.02138534989353502, 0.021343045133107807, 0.02079355348541867, 0.021441092023451347, 0.020835129515035078, 0.021029775503848214, 0.02119443209085148, 0.020180190018436406, 0.020170235089608468, 0.02045023460232187, 0.021558092681516428, 0.0204304364087875, 0.019319549814099446, 0.021394374161900487, 0.021641231658577453, 0.01898779527255101, 0.020700582113931887, 0.020380361675051972, 0.018786364038533065, 0.019638420919363853, 0.01834359388158191, 0.01943464868963929, 0.01867191191558959, 0.020085532451048493, 0.018792615803249646, 0.01907030789880082, 0.023459698371880222, 0.020836634103034157, 0.018037694884696975, 0.01771153896697797, 0.02014065359981032, 0.017748813341313507, 0.017857389779237565, 0.017512809339677915, 0.01763945926359156, 0.01817049764940748, 0.020181873143883422, 0.017372806658386253, 0.018260252167237923, 0.016706532711395994, 0.017130157109932043, 0.01777244944969425, 0.018302594406122807, 0.017532231257064268, 0.016052406070230063, 0.016751159950217698, 0.01839526846742956, 0.017953364076674916, 0.01631472277949797, 0.019386501611734275, 0.01618605913245119, 0.021602174063446, 0.016377658685087226, 0.016215381801885087, 0.017498251610959414, 0.01587385883613024, 0.01638375179754803, 0.015435549343237653, 0.015766598502523266, 0.015480993228266016, 0.016284414661640767, 0.015144095152209047, 0.015144998324103653, 0.015734677843283862, 0.015467189128685277, 0.014902436938427854, 0.015796341656823643, 0.015640518417058047, 0.015993192544556223, 0.016191663788049482, 0.015525435614108574, 0.014294091088231653, 0.01739947342866799, 0.018910915110609494, 0.014979720406699926, 0.014617869288485963, 0.016441955202026293, 0.013662125908012968, 0.015224692000629148, 0.01706107646896271, 0.013655324841238325, 0.01412144136702409, 0.014182429091306403, 0.013854762590199243, 0.01541515583085129, 0.013959784206235781, 0.013585360462457174, 0.013951609798823483, 0.013971294021757785, 0.015549816096608993, 0.014113414712483063, 0.013833991972205695, 0.013859457707440015, 0.013986883066536393, 0.015014621254522353, 0.013455315067403717, 0.01496254912490258, 0.013085570255498169, 0.013349898781598313, 0.014754951505892677, 0.012551810930744978, 0.012657062408834463, 0.013268891329062171, 0.01260867589735426, 0.0125285920657916, 0.013038037101068767, 0.0125001579617674, 0.013219398279034067, 0.014678644394734874, 0.01330829034850467, 0.01254890946802334, 0.013162633709725924, 0.012570843733556103, 0.01342380639835028, 0.012316964402998565, 0.01220410332098254, 0.012372020675684325, 0.011945283156819642, 0.012442929990356788, 0.012750409929140005, 0.01570783671559184, 0.011503161309519783, 0.012322954960836796, 0.013322709335625404, 0.011416485653171549, 0.01168320918441168, 0.011914977600099519, 0.011645087506622076, 0.011992011965048732, 0.012456353309971746, 0.012153179501183331, 0.012323989041760797, 0.012325629988481523, 0.011360665059328312, 0.012184175662696362, 0.01195658616052242, 0.011101464340754319, 0.011230352265556576, 0.011644756370515097, 0.011969826602580724, 0.015203990216832608, 0.010965578076138627, 0.011231159300223226, 0.011581646296690451, 0.012047478623571806, 0.010821851286891615, 0.012278514510398963, 0.01057969759858679, 0.01157672687622835, 0.010411577615741407, 0.010125595079443883, 0.01169649358416791, 0.010234936562483199, 0.010298975928890286, 0.010212183315161383, 0.011041314788599266, 0.01050652053891099, 0.010508848114113789, 0.0137607410979399, 0.014002310777868843, 0.010279380119754933, 