{"recall": 0.7596282197063331, "precision": 0.7959780325598672, "f1": 0.7684889139476112, "loss": [0.47576700686477125, 0.28282788558863103, 0.21830132708419114, 0.1906785637838766, 0.17234306770842522, 0.15734850452281535, 0.14531030505895615, 0.13798488822067156, 0.13223845907486975, 0.12611454725265503, 0.1209202449535951, 0.117033262969926, 0.11308305477723479, 0.11031474062474445, 0.10742325079627335, 0.10514911060454324, 0.10306107369251549, 0.10128525778418407, 0.09930436621652916, 0.09701348916860297, 0.09529357770225033, 0.0946532593225129, 0.09166957973502576, 0.08955746103310958, 0.0886627254076302, 0.08851140207843855, 0.08637513197027147, 0.08559955295640975, 0.08537583868019283, 0.0826775947061833, 0.08338084438582882, 0.07990586489904672, 0.07923045678762719, 0.07804216037038714, 0.07763810141477734, 0.07653053020476364, 0.07585849170573056, 0.07422359596239403, 0.07334929789067246, 0.07274220572435297, 0.07249133294681087, 0.07107422058470547, 0.07172481896122918, 0.06993364921072498, 0.06865738143096678, 0.06858629817725159, 0.06711414240999147, 0.06609195662895218, 0.06602285962435417, 0.06490829386166297, 0.06488670746330172, 0.06337198277469724, 0.06385645939735696, 0.06232865931815468, 0.061982962128240615, 0.06291238326230086, 0.06014394326484762, 0.06094121327623725, 0.05968352477066219, 0.058800281840376556, 0.0598052324494347, 0.058013151661725715, 0.056916619039839134, 0.05799847171874717, 0.05731191535596736, 0.05574622779386118, 0.05478237770148553, 0.05514786802814342, 0.055007595801725984, 0.05425538672716357, 0.05425024064606987, 0.0528616864758078, 0.054469768423587084, 0.05236736187362112, 0.053517548221861944, 0.05213589285267517, 0.051434027729555964, 0.05159870535135269, 0.04983020594227128, 0.05078409978887066, 0.049579823651583865, 0.04871516735875048, 0.048195010429481044, 0.04882089581224136, 0.048111097246874124, 0.04747991179465316, 0.047584349900716916, 0.04740280006080866, 0.047801057109609246, 0.04616415943019092, 0.04571210814174265, 0.04618820853647776, 0.045221674561616965, 0.044939246523426846, 0.04389784664090257, 0.04381431237561628, 0.04407259693834931, 0.04288799437927082, 0.049052266011130996, 0.04370086677954532, 0.042807367630302906, 0.04164418624714017, 0.04151412348437589, 0.04146295516693499, 0.041574238523026, 0.04074566923372913, 0.04065664358495269, 0.04090659425128251, 0.04039759290753864, 0.039823563434765674, 0.04155065870145336, 0.03899365033430513, 0.039887257720693015, 0.04083510999043938, 0.03911793952283915, 0.03835908525798004, 0.03986572397116106, 0.03750268678413704, 0.03946509852539748, 0.037596080408548005, 0.03843877260806039, 0.0370243832730921, 0.036780193317099474, 0.036212023347616196, 0.03579908635583706, 0.035852958433679305, 0.03707603375369217, 0.03643016367277596, 0.03514289503800683, 0.035838673706166446, 0.03496610833099112, 0.035097665604553185, 0.03534183897136245, 0.03465422803128604, 0.034253600882948376, 0.03380702763388399, 0.03384707098302897, 0.0327486970636528, 0.034129876672523096, 0.032916376294451766, 0.032308711190125905, 0.03376023918099236, 0.03401812537049409, 0.032781744477688335, 0.03161343216197565, 0.031680392756243236, 0.03235358951496892, 0.0317968369636219, 0.036085841900785454, 0.03090628237987403, 0.031473212264245376, 0.030571651106583886, 0.030888201930793002, 0.03096048184670508, 0.030717875095433556, 0.02948263606231194, 0.03050148914917372, 0.02959183258644771, 0.03010904195252806, 0.031880542999715544, 0.029765208149910904, 0.029458637596690096, 0.029202058431110345, 0.02916727757838089, 0.028378116578096524, 0.028242232830962166, 0.03168312297202647, 0.02816766279283911, 0.027548598271096125, 0.02907438646070659, 0.02762064163107425, 0.028370678221108392, 0.02710450638551265, 0.02744852467731107, 0.028492485129390843, 0.028105789227993228, 0.028270934300962836, 0.026346423794166185, 0.026424315161420964, 0.026093265958479606, 0.025612596720748115, 0.026801387379236985, 0.029710317510762252, 0.0266190129914321, 0.02667638412094675, 0.025359747123729903, 0.025262386770918965, 0.025001453366712667, 0.025509165338007733, 0.02542565947805997, 0.024723493494093418, 0.025006777039379813, 0.0245957309671212, 0.024400895701546688, 0.024723709197132848, 0.025676956931420136, 0.02496521511056926, 0.024168163363356143, 0.026584522216580808, 0.025241913383069914, 0.024082250689389184, 0.023912485543405637, 0.025347938884806354, 0.02335759679408511, 0.022615091169427615, 0.02341202160459943, 0.022530571797688026, 0.02426070669753244, 0.022927361162146553, 0.02243198992073303, 0.025308815558673814, 0.02240100753988372, 0.026701329254137818, 0.021566347320913337, 0.022184680608916096, 0.022719040294759907, 0.02235402662336128, 0.024572207912569866, 0.02228379075677367, 0.021165519145142753, 0.020570863533066586, 0.022237178236537147, 0.021791671788378153, 0.02103345585783245, 0.021203049866016954, 0.021690513676730916, 0.020971150021068752, 0.02074199930211762, 0.02132841487036785, 0.02905896562151611, 0.020567556188325398, 0.020029081337270327, 0.021115709794685245, 0.020198356360197067, 0.02036219247383997, 0.020377766522869933, 0.019622425745183136, 0.021541150410484988, 0.01973933953559026, 0.019352072093170136, 0.019534618862962816, 0.025550086444127373, 0.02034695917245699, 0.01918415102409199, 0.019282195207779296, 0.018591817053675186, 0.022039268420485314, 0.018679426844755653, 0.018438018509186804, 0.01933103901683353, 0.018683164431422483, 0.0191594529824215, 0.01853052107617259, 0.01955196303606499, 0.018898023350629956, 0.01978541105199838, 0.017903523410495836, 0.018122161338396836, 0.02145807450870052, 0.018912430117779877, 0.01789602687495062, 0.017619896549149416, 0.017764225747669116, 0.017708639890770428, 0.017459883049014024, 0.018020608986262232, 0.017777437504264526, 0.02079299204342533, 0.017889763868879527, 0.017639482117374428, 0.01927214970055502, 0.01742909137828974, 0.020768790258443914, 0.01660866082238499, 0.017601287800061982, 0.016333269217284396, 0.01765539112238912, 0.01900464151549386, 0.016038215064327233, 0.01578789315681206, 0.01695486310927663, 0.017083007689507212, 0.01641170179209439, 0.016036568755225744, 0.018020648349192925, 0.016606650824542157, 0.016258295720035676, 0.015699265095463488, 0.016415975471318234, 0.015617584744177293, 0.01591629444010323, 0.01591418488533236, 0.015888236535829492, 0.015470212922082283, 0.015995457950339187, 0.01583644207130419, 0.017449861308705295, 0.014726160901773255, 0.016975927581370343, 0.015142020143684931, 0.015327254273870494, 0.015199034452962223, 0.014880804446875118, 0.015905094260233454, 0.015092532506969292, 0.016051074402639642, 0.01605544416088378, 0.014542753546265885, 0.014301410068583209, 0.01853695436147973, 0.014213766567991115, 0.015820935463125352, 0.015262669781805016, 0.015615794603945687, 0.015142437419854105, 0.013823325891280547, 0.01573090921374387, 0.016119501793582458, 0.013669209671206772, 0.015866428424487822, 0.013693481261725537, 0.014146431967674289, 0.013447920515318401, 0.01411921919498127, 0.0139613937062677, 0.013513340745703317, 0.01572695592767559, 0.013188868659199215, 0.013737949971982744, 0.013485023460816592, 0.013662591041793348, 0.013352142468647799, 0.013996446155942976, 0.01415190966145019, 0.014116453821770847, 0.014067280666495208, 0.016388128402468283, 0.01306949625359266, 0.014943159607355483, 0.013130896346410736, 0.013071657231193967, 0.013232014389359392, 0.014071221703488845, 0.01249203488623607, 0.013533220226236153, 0.012214166861667763, 0.013392528253461933, 0.01281963984365575, 0.012820242754969513, 0.013092017878079787, 0.01325071626342833, 0.015253895890054991, 0.01208676915121032, 0.012261946576472837, 0.011942392313358141, 0.013186887714255136, 0.012449678619304905, 0.01904027927957941, 0.012301074908464216, 0.013929215005191509, 0.011585161020775558, 0.012509989013778977, 0.011513554345583543, 0.011566678665985819, 0.011226891871046973, 0.012231732795044081, 0.011796593440521974, 0.014523887883115094, 