{"recall": 0.7610243227209809, "precision": 0.8047566280256634, "f1": 0.7713379002935863, "loss": [0.47472744691185653, 0.28153613524045795, 0.21800713276024908, 0.19024290412198752, 0.17222709499765188, 0.15842736861668527, 0.1473900442942977, 0.14017266244627535, 0.13393135427031666, 0.12736896565183997, 0.12288774573244154, 0.11962126631988212, 0.11606286244932562, 0.11160763766383752, 0.1089252827805467, 0.1068013685871847, 0.10274952213512734, 0.10143852070905268, 0.10027304949471727, 0.09742642095079646, 0.09545966412406415, 0.09371863130945712, 0.09396446216851473, 0.09045003063511103, 0.08913724444573745, 0.08749317564070225, 0.08633098099380732, 0.08544507046462968, 0.08316975281923078, 0.08294910052791238, 0.08132057683542371, 0.07952580982237123, 0.07867882947903126, 0.0791056469315663, 0.07711525549530052, 0.07831143273506314, 0.0745126981055364, 0.07350387392216362, 0.07392194287967868, 0.0722488188475836, 0.07076815617620014, 0.06950594208319671, 0.06963183716288768, 0.06994559016311541, 0.06808654466294684, 0.0668139245826751, 0.06622065865667537, 0.06615317449904978, 0.06599321559770033, 0.06498492212267593, 0.06311581184854731, 0.06319067982258275, 0.06358335632830858, 0.0626552852045279, 0.060934301145607606, 0.06066707911668345, 0.059941891726339236, 0.05942101660184562, 0.05907326049054973, 0.05881484641577117, 0.057660958176711574, 0.05909000168321654, 0.056442770786816254, 0.055950858106371015, 0.05565536496578716, 0.05503872380359098, 0.05455298439483158, 0.05447413370711729, 0.05396637658122927, 0.05456040205899626, 0.05253970454214141, 0.05249973150785081, 0.05203984922263771, 0.0514298681227956, 0.05227467539953068, 0.050065405637724325, 0.05182051082374528, 0.05020053416956216, 0.04959148002672009, 0.048911122168647125, 0.04880485334433615, 0.049460617869044654, 0.048553634667769074, 0.047437153523787856, 0.047827581118326634, 0.047680154821136966, 0.04869277577381581, 0.04661338691948913, 0.045964702556375414, 0.04547233381890692, 0.04527856888307724, 0.04813832099898718, 0.044998250203207135, 0.04398278167354874, 0.04384466033661738, 0.04469000536482781, 0.04386307401000522, 0.04417605804337654, 0.04324265474861022, 0.042656634701415896, 0.04179832446970977, 0.042146138148382306, 0.04407106546568684, 0.041285381696070544, 0.04181240079924464, 0.04097172210458666, 0.040316383019671775, 0.04053671237488743, 0.04101230829837732, 0.04187101181014441, 0.039182195789180696, 0.039255313502508216, 0.03999442466010805, 0.039024505924317054, 0.03830001274764072, 0.03891310530889314, 0.038576080100028776, 0.03800810209941119, 0.03780532239761669, 0.03808942894102074, 0.038884306166437455, 0.038258458545897156, 0.036152236425550655, 0.03636705486860592, 0.03636361569806468, 0.036728012724779546, 0.035831974615575746, 0.03609983509522863, 0.03522485954454169, 0.03534500168461818, 0.034615007854881696, 0.03514547165832482, 0.03544258764304686, 0.034131570224417374, 0.03889616682135966, 0.03484062098141294, 0.0338927375851199, 0.033500823759823106, 0.032665625170920976, 0.035417712409980595, 0.034337538250838406, 0.03224064930691384, 0.033304784912616014, 0.03229178601759486, 0.031810703221708536, 0.03257820085855201, 0.03229072195244953, 0.032274815705022775, 0.03167493258661125, 0.03065454206080176, 0.031101746862987056, 0.030022607345017605, 0.03331881829944905, 0.03178800534806214, 0.029891796089941636, 0.03155908464395907, 0.03182560921413824, 0.030075682210735977, 0.02956407798046712, 0.029126782901585102, 0.03026812353346031, 0.02960239774256479, 0.02879940099956002, 0.02848406990233343, 0.02950288869033102, 0.028439212299417704, 0.02913687350519467, 0.02900607259653043, 0.0284758497873554, 0.02876636281143874, 0.029861026705475524, 0.028553936164826155, 0.02755970550060738, 0.02708006552711595, 0.027005796728190035, 0.027612329955445603, 0.030487943207845092, 0.026332754001487046, 0.027655316196614876, 0.02662654803134501, 0.026538659789366648, 0.028038212098181248, 0.02612044840498129, 0.027313035032420885, 0.02592008349893149, 0.02657505578099517, 0.02667648423812352, 0.0260014795785537, 0.028231968768523075, 0.025052099234017078, 0.024977209031931125, 0.026367591723101214, 0.02392941417201655, 0.026471062723430805, 0.024066625352133997, 0.024216971127316356, 0.023825443306122907, 0.02422588915214874, 0.024689966718142387, 0.025508796374197118, 0.023583314192364924, 0.023716354902717285, 0.023308523850573692, 0.023430299181200098, 0.024710877682082355, 0.023529928315838333, 0.02384837359568337, 0.023258516172063537, 0.022923418815480545, 0.022700320863805246, 0.02280105733370874, 0.022496173820400145, 0.022031922038877383, 0.024068916340183932, 0.022638908063527197, 0.022479931198176928, 0.021747982435044833, 0.023473463879781775, 0.022172672783199232, 0.021641298408212606, 0.02312877196527552, 0.021339601538784336, 0.021443578370963223, 0.0225678910210263, 0.021059457736555487, 0.024318499374203384, 0.021029427625762764, 0.0210816156322835, 0.02103516538045369, 0.02000044289889047, 0.02087464947544504, 0.021912985037488397, 0.02108806517207995, 0.019537768625013996, 0.01977925998653518, 0.020314404857344925, 0.019993791429442354, 0.020938486413797364, 0.018996344857441727, 0.01963901427370729, 0.019368583292816766, 0.019620382860011887, 0.01900642172404332, 0.019170291277987417, 0.019315912286401726, 0.019543918861018028, 0.021665515552740544, 0.01951941363950027, 0.019313898374093696, 0.02050872380641522, 0.019544483395293355, 0.02038762523443438, 0.01854563698725542, 0.01808072323910892, 0.017869999894173816, 0.018985186819918454, 0.02018714527366683, 0.017898679885547608, 0.020029601226269733, 0.018907325531472452, 0.02121689255000092, 0.019670640052936506, 0.01726450587011641, 0.01765859556326177, 0.017453406573622487, 0.01727120501891477, 0.01783130988042103, 0.017720809984894004, 0.018205246175057255, 0.017831968041718937, 0.016720420971978456, 0.01704516902100295, 0.017193540683365427, 0.01855509743472794, 0.016573819244513288, 0.01658196595235495, 0.018040122115053236, 0.016805462240881752, 0.01980198360979557, 0.01634464066592045, 0.017199921399878804, 0.016467393143102527, 0.016304014912748244, 0.016757940684328787, 0.017083519182051532, 0.01676059590681689, 0.0199726956707309, 0.01671967534639407, 0.01594954305619467, 0.016158751110197045, 0.017985071943257935, 0.01544865409960039, 0.017098408927267883, 0.01608425196900498, 0.01703944996552309, 0.015555053993011825, 0.01626511135691544, 0.01478993955970509, 0.015197012922726572, 0.015796261781360954, 0.015253333578584716, 0.017412817280273885, 0.015158487905864604, 0.015862800981267355, 0.014380356835317798, 0.014686654110846575, 0.016099037617095746, 0.014809093911026139, 0.015155320397752803, 0.01442181498350692, 0.014974571931816172, 0.014454633674176876, 0.014794236347370315, 0.014244995851186104, 0.014278748603828717, 0.014645290510088671, 0.013640077770105563, 0.013497459840436932, 0.014817099494393915, 0.014390417338290717, 0.01432067560381256, 0.01372282464581076, 0.013730285085330252, 0.01345204050448956, 0.013834948265866842, 0.013707631769648287, 0.014259034462156706, 0.015534241079876665, 0.01382004480183241, 0.016715096589905443, 0.015372181187558454, 0.012796515205991454, 0.01420476535713533, 0.013426464342046529, 0.01309119695724803, 0.013590951068181312, 0.013569260976510122, 0.0163736357644666, 0.012440877959306818, 0.014928739008610137, 0.013370852982916404, 0.014518516756652389, 0.015322530489356723, 0.01359678637891193, 0.013800893339066533, 0.016683837169694016, 0.012553242922876962, 0.016098031286674086, 0.012592715669597965, 0.013850760064087808, 0.011817746199085377, 0.011518586208694614, 0.012143980813561939, 0.012891247184597887, 0.011864130126923556, 0.016090373865154106, 0.01227713414846221, 0.012146842982474482, 0.012801728276826907, 0.01231226151867304, 0.013910403693444096, 0.01292989917419618, 0.01152257040666882, 0.012923603146191454, 0.012053240199747961, 0.011859521790029248, 0.012315976739046164, 0.01128380687077879, 