{"recall": 0.772828397686261, "precision": 0.7768624075512656, "f1": 0.7718534920361332, "loss": [0.47507963608950377, 0.26767274807207286, 0.2080044203903526, 0.1839683132711798, 0.16824179561808705, 0.1544290321180597, 0.14447443041717634, 0.1357654829043895, 0.13048195152077824, 0.12409208429744467, 0.11881494690896943, 0.11519820394460112, 0.11142220778856426, 0.10960049566347152, 0.10655132139800116, 0.10392966808285564, 0.10177237633615732, 0.09887642471585423, 0.09807063534390181, 0.09582462580874562, 0.0930103431455791, 0.09224685851950198, 0.09267182770418003, 0.08961159328464419, 0.08736444800160825, 0.08635620959103107, 0.08460945426486433, 0.08390177082037553, 0.08245344585157, 0.08232837851392105, 0.08023979183053598, 0.08007286582142115, 0.07834176401956938, 0.07731860689818859, 0.07625935997930355, 0.0759454556973651, 0.07470795372501016, 0.07283968274714425, 0.07313854494714178, 0.07243384132743813, 0.07224598445463926, 0.07058495655655861, 0.070079367083963, 0.06842689090990461, 0.0686162676429376, 0.06777664372930303, 0.0663224041054491, 0.0657177722605411, 0.06650388191337697, 0.06435426359530538, 0.06438424868974835, 0.063593198050512, 0.062709517107578, 0.06184019579086453, 0.06128579913638532, 0.0606481465511024, 0.06183131370926276, 0.05896902136737481, 0.05923842539777979, 0.05817615464911796, 0.05771965326857753, 0.05918872423353605, 0.05652175791328773, 0.055778581561753526, 0.0559155220980756, 0.05473798548337072, 0.055113527341745794, 0.05553655468975194, 0.05375419504707679, 0.05358576713479124, 0.052558957220753655, 0.05322557484032586, 0.052955253660911694, 0.051555787707911804, 0.05224938926403411, 0.05120052210986614, 0.05006774386856705, 0.049895544158061966, 0.049305905209621415, 0.048478762939339504, 0.050369702628813684, 0.048697095044190064, 0.04727403636206873, 0.04798305025906302, 0.046800905431155115, 0.046453721151920035, 0.04640178516274318, 0.04677022702526301, 0.047903532278724015, 0.04615334520349279, 0.04567697431775741, 0.04421646494301967, 0.04461313171486836, 0.043600438846624456, 0.042626772992662154, 0.044929887633770704, 0.04268692637560889, 0.043265062719001435, 0.042765781487105414, 0.043208710209000856, 0.04187853718758561, 0.040514062653528526, 0.04112891628756188, 0.041794635719270445, 0.040596038932562806, 0.041459591244347394, 0.04103453962306958, 0.04038054865668528, 0.04007838467077818, 0.03892435386660509, 0.03865685481287073, 0.03856538988475222, 0.03819849427964073, 0.040302009583683684, 0.03775829296500888, 0.03786544043396134, 0.03849178206291981, 0.03673740006342996, 0.03698046701902058, 0.0372643315786263, 0.036091504982323386, 0.03684457349299919, 0.03595175872032996, 0.03907218649692368, 0.03569387692550663, 0.0352412208012538, 0.03578134755662177, 0.03478527672996279, 0.03586760733742267, 0.03509467664116528, 0.03510768304113299, 0.0344214601063868, 0.03557804266165476, 0.033266438607824966, 0.03363244091451634, 0.03280808628187515, 0.03258598047250416, 0.03314899746328592, 0.03228827538259793, 0.03214752679923549, 0.03248634662304539, 0.032398465045844205, 0.03194325680669863, 0.03170552186202258, 0.0315275323955575, 0.030663016616017558, 0.03144114979659207, 0.030741893147933297, 0.031228865787852556, 0.030543726388714276, 0.031355249404441565, 0.0299615955009358, 0.030265671404777095, 0.029666364134754986, 0.02955066585855093, 0.0289604130666703, 0.028642563658650033, 0.02951211715117097, 0.03399309761880431, 0.028105305900680833, 0.028789351563318633, 0.027730404646717943, 0.027382245651097037, 0.02777119596430566, 0.02763443230651319, 0.028060742741217837, 0.026549934191280045, 0.027766185768996365, 0.026326171588152647, 0.026668277219869196, 0.027086281159427017, 0.027474862115923315, 0.026765602277009748, 0.026096164438058622, 0.026336980939959176, 0.026230328730889596, 0.026021774581749924, 0.026419043555506505, 0.026395095163024962, 0.025162820107652806, 0.024971909617306665, 0.025393460135092027, 0.02498668422776973, 0.02459974198427517, 0.02473207969160285, 0.024187012852053158, 0.024083097159746103, 0.023992437971173786, 0.023324363595747855, 0.024839672885718755, 0.024278686309116893, 0.024457762629026547, 0.025177335672196932, 0.023564218638057355, 0.022934885178983677, 0.023404094950819854, 0.022924431032151915, 0.022404644871130586, 0.02345001081994269, 0.023446655519364867, 0.023397214972646907, 0.021948011963104364, 0.023324267953285016, 0.022392610044335015, 0.022338446011417545, 0.022872603542055003, 0.023661811217607465, 0.021201601302891504, 0.022079424998082686, 0.02163050429226132, 0.021939199679763988, 0.021110492627485655, 0.021022430424636696, 0.021197302507061977, 0.02143178615369834, 0.021482218202436343, 0.0246483572627767, 0.020665452037064824, 0.022382807066605892, 0.02065883603063412, 0.020510002337687183, 0.020010160929814447, 0.019604416163929272, 0.020135811784712132, 0.019974385875684675, 0.020551566303765867, 0.020324200042523444, 0.0194612976629287, 0.019476080240565352, 0.02044824140466517, 0.018968777418194804, 0.019051032257266343, 0.018887964492023457, 0.024158773747330997, 0.018775779273710214, 0.01921498258889187, 0.020132204524998087, 0.018196804434410296, 0.018245405371999368, 0.018750493458355777, 0.018637749228219036, 0.018377676518866792, 0.019277536033769138, 0.018970802921103314, 0.01810999899316812, 0.02043605149083305, 0.017607555630092975, 0.018093316379236057, 0.019195502340153325, 0.017722049669828266, 0.018123592315532733, 0.017715485169901513, 0.017587148169695865, 0.018202358201961033, 0.01805808964127209, 0.017037302379321773, 0.01792773645138368, 0.016720099571102764, 0.016811233341286425, 0.01645785936852917, 0.016811556932225358, 0.019461566196696367, 0.017083803490095306, 0.01612844043847872, 0.017817632578953635, 0.017033747986715753, 0.01578892806719523, 0.017687597101030406, 0.01654454589879606, 0.017765247423085384, 0.016699334839358926, 0.01703069246286759, 0.016041147137002554, 0.01597896098246565, 0.017046346743882168, 0.016172177936823573, 0.015124009572900832, 0.016685599388438277, 0.01549712424093741, 0.014958529653085861, 0.015682151206419803, 0.0178832317396882, 0.015325399341236334, 0.015169464451901149, 0.014568081984180026, 0.017260540371353272, 0.016358553235477302, 0.014638604276115075, 0.01524680583679583, 0.014047722343093483, 0.014706194437167142, 0.014551587330061011, 0.014608307516027708, 0.015059073059092043, 0.015123307050089352, 0.014684252397273667, 0.015196657805063296, 0.01486099855901557, 0.01461762571852887, 0.015074108850967605, 0.013926404681114946, 0.01441013916337397, 0.013825751942931674, 0.014017081299243728, 0.014119264204055071, 0.014537538212607615, 0.015530530035903212, 0.013898200457333587, 0.013967483184387675, 0.013620323177747196, 0.02141666124225594, 0.014137298705463763, 0.013661275763297454, 0.01440090262258309, 0.012965891910425853, 0.013115560210280819, 0.014207606513082283, 0.013604896834294777, 0.013056795629381668, 0.013224992915638722, 0.013151277405995643, 0.01263900784397265, 0.013270756833662745, 0.013489219199982472, 0.013090009804727742, 0.013608609358925605, 0.016395981903770007, 0.012711351468169596, 0.01280540833613486, 0.012239760279044276, 0.012273320437088842, 0.013196515428717248, 0.012602197544765659, 0.013427524536382407, 0.012518662781076273, 0.012031212980218697, 0.012827515631215647, 0.012148873840487795, 0.013427184010652127, 0.011742089161998592, 0.013430012375465594, 0.012188401458843146, 0.01757357757742284, 0.011428032441472169, 0.012259868068213109, 0.011576373428397346, 0.011638401294476353, 0.011703613734425744, 0.011833780677989125, 0.011942908568016719, 0.013584548334620195, 0.012680280957283685, 0.011900016244908329, 0.011573765892535448, 0.011313960247207433, 0.016887303918338148, 0.010902581496338826, 0.0113723337490228, 0.012060851080605062, 0.011034984392608749, 0.011738508077542065, 0.01126714581187116, 0.011566613669856451, 0.01403522019245429, 0.015275508911145153, 0.012087574828910874, 0.01201323643545038, 0.0138753340979747, 