{"recall": 0.7602339695201016, "precision": 0.7872946915094425, "f1": 0.7657772876424941, "loss_list": [0.4765940255019814, 0.2753706466872245, 0.20342782470397652, 0.17227831538766622, 0.1529002690454945, 0.13866966232890263, 0.12815903974696993, 0.12027363651432096, 0.11471059371251613, 0.1091310590156354, 0.10463961872737855, 0.10136969868326559, 0.09796126466244459, 0.09587658703094348, 0.09296563997631893, 0.09053650358691812, 0.08809504156233743, 0.08680642412509769, 0.08486149854725226, 0.08281599648762494, 0.08116750929038971, 0.08004552804050036, 0.07903878376237117, 0.07674463774310425, 0.07554384817485697, 0.07430831445963122, 0.07313274344196544, 0.07170751788071357, 0.07071636038599535, 0.07003675713203847, 0.06870518291252665, 0.06770651982515119, 0.06657952947425656, 0.0657507875293959, 0.06460573998629116, 0.06442767028929666, 0.06256719446391798, 0.062138375174254176, 0.06158251546439715, 0.060232762357918544, 0.059633551858132704, 0.05832066263537854, 0.058423997840145604, 0.057418480049818754, 0.056586149701615795, 0.05604980404023081, 0.055165955919073896, 0.05442170075257309, 0.054817321826703846, 0.052809414512012154, 0.05257205768721178, 0.05178174083703198, 0.0516918954992434, 0.05094856659125071, 0.050359076930908485, 0.05017756749293767, 0.049339633662020786, 0.048661073844414204, 0.04796551887993701, 0.047614423051709306, 0.04707749451918062, 0.04781637864361983, 0.04626146442024037, 0.04580505847698078, 0.045273869871743956, 0.04477543903631158, 0.043849113245960324, 0.04412447547656484, 0.04329862021841109, 0.043391330749727786, 0.042682698849239385, 0.042289819530560636, 0.042332914762664584, 0.04129370838927571, 0.041310583663289435, 0.040640283265383916, 0.04022218272148166, 0.04015767616801895, 0.0394668027991429, 0.039269713711109946, 0.039089628829970025, 0.038634930961416104, 0.03776634750247467, 0.037612914358032865, 0.03728764833358582, 0.037028212813311256, 0.037487910955678674, 0.03672357858740725, 0.0362921533145709, 0.035817715342273, 0.03557064361812081, 0.03558786495705135, 0.035479128401493656, 0.03453048355586361, 0.03418096790264826, 0.03448796748707537, 0.033937314266222526, 0.033598979766247795, 0.03459636516345199, 0.03310116098728031, 0.0330385236244183, 0.03308953887026291, 0.032549440386355856, 0.03239932396390941, 0.033222566611948424, 0.03132322585443035, 0.031880671723047274, 0.03147142110974528, 0.03131919520383235, 0.030652765356353483, 0.03061959090991877, 0.030009083455661313, 0.030130856481264345, 0.03018354869564064, 0.029827881162054835, 0.029469067411264406, 0.030266403275891206, 0.02980158410209697, 0.0286718128452776, 0.02876382254762575, 0.02882071576314047, 0.02842591641965555, 0.02796433668845566, 0.028519830157165416, 0.02746998736693058, 0.027386079347343183, 0.027735390295856633, 0.027215844791498967, 0.027420670619176236, 0.027233211490965914, 0.026674834043660667, 0.026785316212044562, 0.026829973615531345, 0.0261128530226415, 0.02643168376234826, 0.025635204912396146, 0.02535805926163448, 0.025102255547244566, 0.024953438522061333, 0.025173184540471995, 0.02566636265255511, 0.024673350372177084, 0.025361220259219407, 0.024993282045761588, 0.023724706294888164, 0.02454909550433513, 0.0239418148106779, 0.023787505886866712, 0.024923220909840893, 0.02339992139750393, 0.023405811710108537, 0.02324891732278047, 0.02394406134262681, 0.023362081148661673, 0.023166579863755032, 0.022959105331392494, 0.02258466336206766, 0.022024308152322192, 0.022189172366051935, 0.023064895016432274, 0.022227553243283182, 0.021787798809236848, 0.02219118274806533, 0.02130344858451281, 0.02152890151774045, 0.021401168539887293, 0.02210592544579413, 0.02136949956038734, 0.021662494643533137, 0.02173282459116308, 0.021009810708346777, 0.02115251251088921, 0.020440893110935575, 0.02032579280785285, 0.021137727705354336, 0.020919449847133363, 0.020632765315531286, 0.020255951408762483, 0.01972859877569135, 0.01970175547467079, 0.01955124142114073, 0.019903561590763275, 0.02056391962833004, 0.019543056876864286, 0.019382008285901975, 0.019064738813904115, 0.019229619698307943, 0.018877122526464517, 0.019367242537555285, 0.019005853129783645, 0.0187807915310259, 0.01903091496642446, 0.019056285030092112, 0.019066124306118582, 0.018028212422359503, 0.01794393511954695, 0.018035797649645247, 0.01790416303847451, 0.019056595364236272, 0.01861880728829419, 0.018497264150937553, 0.017547064722748473, 0.0174443135416368, 0.017296777203591775, 0.017552301714022178, 0.017834683643013705, 0.01691745066345902, 0.01761157410364831, 0.01790753967798082, 0.017163414148672018, 0.017651732968806753, 0.016688614692247937, 0.01721623367629945, 0.016438803747587372, 0.016837911529000847, 0.017199531284859404, 0.01702698635344859, 0.0172086183752981, 0.017511812607699538, 0.016876671367208475, 0.01728944530914305, 0.016393309127306566, 0.016056624955672304, 0.015637546005746118, 0.015785996578051707, 0.016017652285518123, 0.015499114739213837, 0.015464706294005736, 0.01607623531599529, 0.016365514308563433, 0.015754065793589688, 0.01529896860520239, 0.015640600863844157, 0.01623647335873102, 0.01563171126472298, 0.0157699304210837, 0.014738742822373752, 0.015300395193480653, 0.014475819828658133, 0.014590111492725554, 0.014753823703358648, 0.014998435086454265, 0.014846249744732632, 0.015847234935790766, 0.014644333082833328, 0.014148148259118897, 0.016003762980835744, 0.014960361404519062, 0.014879367003595689, 0.01464558500374551, 0.015010625287686707, 0.014394139032083331, 0.01408531007473357, 0.013824905332148774, 0.014348808435897809, 0.013737027581373695, 0.014335526763170492, 0.013570529287972023, 0.01578748326646746, 0.013749711468699388, 0.014566254588135052, 0.013543705560732634, 0.013548176062613493, 0.01365922100521857, 0.01345576008025091, 0.013485060385573889, 0.013156019464804557, 0.01346225013548974, 0.013600309013418155, 0.013408633914514212, 0.013997932733764174, 0.013293141383473994, 0.013336688454728574, 0.013313475371978712, 0.01343563539776369, 0.013459799410338747, 0.013509823755157413, 0.013610204461292597, 0.013181167286529672, 0.012529675860423594, 0.013214084250648739, 0.013593709192355164, 0.012549649256834527, 0.013570084818638861, 0.012005784647772088, 0.013086699062114349, 0.013712999845301966, 0.01264948227617424, 0.011920665055367863, 0.01206550197166507, 0.012600653396657436, 0.011990445909032133, 0.012838030188868288, 0.011940237780072494, 0.012539230140828295, 0.012147616642323555, 0.01196039652568288, 0.012143252574605867, 0.013338931761245476, 0.012326683261926518, 0.011473725590622052, 0.012155181480193279, 0.011313942295964807, 0.011870988291775575, 0.011889261720352807, 0.011793160835804884, 0.012625839385873406, 0.011859095484396676, 0.011457953060016735, 0.011920050594198983, 0.012713082849950296, 0.012294781278615118, 0.011794421357626561, 0.011394779330294114, 0.011475443313247524, 0.011447544406109955, 0.011227297635923606, 0.011621232314791997, 0.011379496853624004, 0.011109258714714087, 0.01195467750658281, 0.010907342634891393, 0.011548037519969512, 0.010586294413951692, 0.011667818178102607, 0.010847647822083672, 0.013300235985661856, 0.011303897651669104, 0.010421590577607276, 0.01103018788708141, 0.011043064230034361, 0.011017488905781646, 0.011206137584667885, 0.01319459004298551, 0.010507130023324863, 0.01063936671052943, 0.011288250981306192, 0.011790577970532467, 0.010925374730868498, 0.010859159397659824, 0.010682498601090629, 0.010160468198591843, 0.011903463776252465, 0.009945034415432019, 0.010248654374299804, 0.01069552484623273, 0.010549016311415471, 0.011001737906190101, 0.010411078348261072, 0.011206059696269222, 0.010233646201231749, 0.010437273758725496, 0.010516350053512724, 0.010711016779532656, 0.009749574390298221, 0.012925409393938025, 0.009867455197672825, 0.011121336966607488, 0.009884007090295199, 0.010080723122155178, 0.009772009453445207, 0.010203231053310446, 0.009514384641806827, 0.010188499329524347, 0.01067227285602712, 0.010351314273793832, 