{"recall": 0.7642260345083305, "precision": 0.7841042633957845, "f1": 0.7670862027314125, "loss": [0.47611420741304755, 0.2689950526691973, 0.19851001107599586, 0.16771609557326883, 0.1478375014849007, 0.13367697614012286, 0.12375119241187349, 0.11605061427690089, 0.11047384620178491, 0.10574392427224666, 0.10140287294052541, 0.09913537930697203, 0.09488160931505263, 0.09501429123338312, 0.0902041817898862, 0.08838581864256412, 0.08647452294826508, 0.08610298449639231, 0.08359802194172516, 0.08199431898538023, 0.08059800791670568, 0.07896742573939264, 0.07799165515461937, 0.07676089674350806, 0.07507284960593097, 0.07317943027010188, 0.07252350912312977, 0.07091710664099082, 0.07053573988378048, 0.06972876662621275, 0.06886892567854375, 0.0690070384007413, 0.06664635092602111, 0.06605777778895572, 0.06421512775705196, 0.0635931703436654, 0.06264301980263554, 0.06157407668069936, 0.061912315140943974, 0.05984723352594301, 0.0592100179346744, 0.0581840445229318, 0.05787080488516949, 0.05715971114113927, 0.05654733662959188, 0.05563294072635472, 0.05477858491940424, 0.053983726393198594, 0.05426960773183964, 0.05230463747284375, 0.052110354241449386, 0.05129133351147175, 0.05115567229222506, 0.051421139170997776, 0.04998354229610413, 0.049902825558092445, 0.04847339628031477, 0.04898947145557031, 0.04841181935626082, 0.046979751059552655, 0.04663771997729782, 0.048924092145171016, 0.04697864508489147, 0.04542479137307964, 0.04496648840722628, 0.04426759001216851, 0.043388782782130875, 0.04355084209237248, 0.04332427257031668, 0.04326139016484376, 0.04242001340026036, 0.04264240917109419, 0.04127283420530148, 0.04110421080258675, 0.040328970571863465, 0.04035150841809809, 0.03986373636871576, 0.039473911238019355, 0.03906106631620787, 0.038642414248897694, 0.03862091286282521, 0.03780221994384192, 0.03734479488048237, 0.03658680565422401, 0.036444430603296496, 0.03605342026276048, 0.03729671554174274, 0.03604211915808264, 0.0351377610641066, 0.03465240480727516, 0.033888903228216805, 0.034790699515724555, 0.03582198116055224, 0.03414555054041557, 0.03413259159424342, 0.034104992417269386, 0.03282679000403732, 0.03265793681202922, 0.0325748159957584, 0.032028683242970146, 0.03380148395081051, 0.031585188989993185, 0.03185927637969144, 0.030529276526067406, 0.0316454399144277, 0.030275143217295408, 0.03207413757627364, 0.030303308682050556, 0.03145845791732427, 0.03033736012002919, 0.029624468079418875, 0.02944384999864269, 0.029293241241248325, 0.02808394518797286, 0.029391225310973823, 0.028940820498974063, 0.028689803526503965, 0.02979343266633805, 0.02801773686951492, 0.028534139011753723, 0.02726616412110161, 0.02770599505311111, 0.0286617511374061, 0.026424096547998488, 0.02681125994422473, 0.02702732248872053, 0.02593234195956029, 0.026156531457672827, 0.02675621400703676, 0.02579479739506496, 0.025679657293949276, 0.025021303626999725, 0.026063490367960185, 0.02659243330708705, 0.02396512680570595, 0.02469352009211434, 0.02465666910575237, 0.02386846199806314, 0.02375633522751741, 0.024364665921893902, 0.024258423210994806, 0.0234275681359577, 0.024727990450628567, 0.02527065140020568, 0.02246838400606066, 0.024920422103605233, 0.024318790645338595, 0.022205717272299808, 0.022254419935052283, 0.022075949680584017, 0.022964428273553494, 0.024196275568101555, 0.022981373920629267, 0.022545447522134054, 0.024558499695558567, 0.021609358307614457, 0.021833667342434637, 0.021035489669884555, 0.020709779710159637, 0.021115586983796675, 0.021873609301110264, 0.02137260357994819, 0.022206057066796347, 0.02045598423865158, 0.020490180446358863, 0.02109570713219, 0.019864143010636326, 0.02007123627117835, 0.023407811087963637, 0.019660999772895593, 0.02048234771064017, 0.019414448004681617, 0.020415613180375658, 0.019131622088025324, 0.024331329557753634, 0.019536133237124886, 0.018489776448404882, 0.01890742696559755, 0.01835935900453478, 0.019102586367807817, 0.01929678201850038, 0.018153508026443888, 0.01866003871691646, 0.01845409087400185, 0.018416574443108402, 0.019338768390298355, 0.02027612664096523, 0.017622984581976198, 0.019920619393815286, 0.01779093802178977, 0.01772081558010541, 0.017777760796889197, 0.017879975916002877, 0.01917361129017081, 0.017115787144575734, 0.01680704886530293, 0.017141082433226984, 0.016668001990183257, 0.017495992135081906, 0.017799317582102958, 0.018125299939129036, 0.016855188099725638, 0.015846768983465154, 0.01615711524937069, 0.01606568136048736, 0.017287043505348265, 0.016060816400568, 0.01795799929095665, 0.017193480336572975, 0.017469388396420982, 0.015656533651053905, 0.01585683647863334, 0.015503678201639559, 0.015552764729363844, 0.01633062605833402, 0.015087824402144179, 0.015336916672822554, 0.016390856930229347, 0.017725461366353557, 0.015388137318950612, 0.016659352266287897, 0.016511153051396832, 0.015333721901697572, 0.014856671270536026, 0.01600621907709865, 0.014536710128595587, 0.014617962438933318, 0.014022168077644892, 0.016034369757107925, 0.014859792143397499, 0.016014147957321256, 0.014288833619502839, 0.015469399506400805, 0.016635764764941996, 0.01562606857623905, 0.013812607568979729, 0.013866924760804977, 0.014977039445511764, 0.013837615653756075, 0.013546506044804119, 0.013590137194114504, 0.01446557579038199, 0.013522265537176281, 0.019143699457345065, 0.016199042554944754, 0.013455037737003295, 0.013557522404880729, 0.013681757744052447, 0.014074454164074268, 0.013064187402051175, 0.013676684055099031, 0.012624083166883793, 0.013865499888197519, 0.013634800256113522, 0.015274121986294631, 0.012544282399176154, 0.013747059983870713, 0.01225883151346352, 0.01711334009451093, 0.012407360020006308, 0.01322218060522573, 0.012606659161974676, 0.012818378301744815, 0.012806206563254818, 0.012052018279064214, 0.012260322004294721, 0.012265836739970837, 0.012078087223926559, 0.012112279149732785, 0.012728724836051697, 0.013846861445927061, 0.012401416453940328, 0.012026898424664978, 0.011895509178430075, 0.01239400641861721, 0.014368938343977788, 0.014174257757986197, 0.011748980901757022, 0.01143576186223072, 0.013126753128744895, 0.01434047996008303, 0.012800342781702057, 0.011928640131372958, 0.017083594684663694, 0.011082377735874616, 0.012973922672244953, 0.013026894084759988, 0.010923544097749982, 0.011233972069021547, 0.011125253997306572, 0.010944577512418618, 0.012322689279244514, 0.012962767748831538, 0.010939694082480855, 0.012700703042355599, 0.011248721930314787, 0.011129319111205405, 0.011991339059022721, 0.0136043307466025, 0.011664602880046004, 0.010474225335201481, 0.010952238790196134, 0.010426438984723063, 0.011453376388089964, 0.010851441969862208, 0.010422804796689888, 0.01223969009515713, 0.01243890914702206, 0.010447775272041326, 0.011560222941625398, 0.01023439743585186, 0.011026829033653485, 0.010913372825598344, 0.01023508748767199, 0.010546983226959128, 0.011227249226067215, 0.011102279022452421, 0.011197023966815323, 0.010570556078164373, 0.009969759899831843, 0.013525345846574055, 0.010042212994449073, 0.012393658347718883, 0.009995876083848998, 0.011809047340648249, 0.010221945420198608, 0.011240266518143471, 0.011987793535809033, 0.009478984327870421, 0.010211197870376054, 0.01005280408571707, 0.01011858639321872, 0.009646375583542977, 0.00955842218536418, 0.009736281772347866, 0.010115146807947895, 0.01048328508841223, 0.009721020753204357, 0.010483344154636143, 0.009828113939875038, 0.009656344587710919, 0.010323624759621453, 0.010139611375052482, 0.009452302532736212, 0.009704800566396443, 0.00996701059921179, 0.00989080926956376, 0.012469565586798126, 0.00913280464737909, 0.011096368802100187, 0.009161664460407337, 0.010322366142645478, 0.009297931206674548, 0.01121101525859558, 0.008866673244483536, 0.008867804484907538, 0.009012828679260565, 0.008841080565616721, 0.010644813602993963, 0.008833762751237373, 0.008805983976344578, 0.00901057300507091, 0.009378055590786971, 0.009828455262322677, 0.009937331164110219, 0.008874285442288965, 0.009843040086707333, 