{"recall": 0.7374925845362863, "precision": 0.7951824373908174, "f1": 0.7498177950367209, "loss": [0.4768391188699752, 0.27916192868724465, 0.20545622846111655, 0.1737617967883125, 0.15499686764087528, 0.141315029875841, 0.12999730044975877, 0.12250443990342319, 0.11687376326881349, 0.1108119715936482, 0.10669652180513367, 0.1033947280375287, 0.10019206546712667, 0.09631173504749313, 0.09356145875062793, 0.09206407959572971, 0.08789110963698477, 0.08723142894450575, 0.08491846750257537, 0.08280284074135125, 0.08134291938040406, 0.07975434928084724, 0.07971045683370903, 0.07718754961388186, 0.07551048137247562, 0.07424617471406236, 0.07373990822816268, 0.07215277361683547, 0.0698159069288522, 0.07042866465053521, 0.0686428462213371, 0.06772416667081416, 0.06688621337525547, 0.06607202376471832, 0.0650962342042476, 0.06639846484176815, 0.06261121609713882, 0.061952680989634246, 0.0627396448107902, 0.060839942656457424, 0.05945593715296127, 0.05867854060488753, 0.058537556644296274, 0.05883355240803212, 0.057020600739633664, 0.05663866284885444, 0.055483558884589, 0.05553874056204222, 0.05603651062119752, 0.054505515116034076, 0.053137467621127144, 0.05229363212129101, 0.052454428616329096, 0.05190369574120268, 0.05074772235821001, 0.05033781484235078, 0.05026351087144576, 0.0490989109093789, 0.048777923540910706, 0.04849485497106798, 0.047617883305065334, 0.049094502654043026, 0.04642415916896425, 0.0465424851863645, 0.04597045757691376, 0.0454422400216572, 0.04470415039395448, 0.04495417728321627, 0.04415090873953886, 0.04526684903248679, 0.04310296844050754, 0.04278432685532607, 0.0423880314338021, 0.0421920460939873, 0.0423660773813026, 0.041136189582175575, 0.04165934077173006, 0.04106772335944697, 0.04024549952009693, 0.04048839020833839, 0.03911088792665396, 0.04011412800173275, 0.038957813623710535, 0.03803507087286562, 0.0383028806099901, 0.038795098109403625, 0.03820792525948491, 0.03707488055806607, 0.03666187189810444, 0.03644652864022646, 0.036094552793656476, 0.036626343076932244, 0.03687475922924932, 0.03481865156209096, 0.03511007290217094, 0.03620950214099139, 0.03530229152238462, 0.03461657378647942, 0.03509688276972156, 0.03378191066440195, 0.03363756627368275, 0.033486296073533595, 0.03449008696770761, 0.032474717605509795, 0.0385025926225353, 0.03172760229790583, 0.03191652313398663, 0.03202704501745757, 0.03182987433683593, 0.03124518114782404, 0.0306161904882174, 0.03145369086996652, 0.030980439085396938, 0.030881256141583435, 0.030800546184764244, 0.031028821002109908, 0.03087734605651349, 0.030794600505032577, 0.029435061995172873, 0.029564214491983876, 0.02999725198606029, 0.029583016919787042, 0.028028185915900394, 0.028838663900387473, 0.028659446339588612, 0.028059554620995186, 0.02738625642086845, 0.02843627666879911, 0.02743438545439858, 0.028060589538654312, 0.027450960653368384, 0.02789121976820752, 0.026999862646334805, 0.026504095760174096, 0.029874403044232167, 0.026639750678441487, 0.026242546809953637, 0.026061321535962634, 0.02537136296450626, 0.02655350713757798, 0.02755355610861443, 0.024817280253046192, 0.025788113722228445, 0.024962109833722934, 0.024325028054590803, 0.02572561480337754, 0.024358279420994222, 0.02441186700889375, 0.02611722690926399, 0.024100887196254916, 0.023522137475083582, 0.023054043253068812, 0.025706921034725383, 0.02476201106037479, 0.023036093785776757, 0.023625682821148075, 0.024518921243725345, 0.02282508548523765, 0.022733908859663643, 0.02246751429629512, 0.023058296508679632, 0.022423339825763833, 0.02204131195321679, 0.02150374413758982, 0.022562664329598192, 0.02204144443385303, 0.0240584434432094, 0.02191379800933646, 0.021680747464415617, 0.02153655390429776, 0.023077067169651855, 0.02278465092967963, 0.02067445989814587, 0.020813005467061885, 0.020750751333252992, 0.021806642987939995, 0.02112689377827337, 0.020331573447037954, 0.021144598453247454, 0.021624566717946436, 0.02022044573095627, 0.020951921229425352, 0.019668961293064058, 0.019941429018217605, 0.019232766455388628, 0.019926221088098828, 0.020445559690415394, 0.020141356559179258, 0.019022795619093813, 0.019142370416375343, 0.02055562330497196, 0.021654280004440807, 0.018204636187874712, 0.021371230752265546, 0.018354436637309846, 0.018614757660543546, 0.018351141159655526, 0.018509177192754578, 0.018780121215968393, 0.019540381137630902, 0.018051076258416288, 0.018387267387879547, 0.017946928019227926, 0.017706816277495818, 0.019974409697169904, 0.017490080921561457, 0.01743913714744849, 0.017722667587804608, 0.017357587348669767, 0.017503909817605745, 0.017283756700635422, 0.01782494820508873, 0.016994722325762268, 0.017877297155791894, 0.017357354576233774, 0.018237484073324595, 0.0171062739827903, 0.018306921199837234, 0.018518556011258624, 0.01795639629563084, 0.02162131768272957, 0.01629393758776132, 0.016244264035776723, 0.016326894918165635, 0.01595030001772102, 0.017819898697780445, 0.015972998808138072, 0.01626388880686136, 0.016671876503096428, 0.015431392312166281, 0.01611678620247403, 0.016202483155211667, 0.01544185762759298, 0.01526155185274547, 0.015449483238626271, 0.0161835222679656, 0.014960846223402768, 0.017484208692621905, 0.015026178632979281, 0.015152977975958493, 0.01583712245337665, 0.015076899828272872, 0.014575282591977157, 0.015399992720631417, 0.014646773022832349, 0.015167757694143802, 0.017349778332572896, 0.015191254409728572, 0.014826750761130825, 0.014562798289261991, 0.015800815825059544, 0.01570432010339573, 0.014954723948903847, 0.013856020395905944, 0.014176841774315108, 0.014196191168593941, 0.015478470340895, 0.014849204671918415, 0.014272513544710819, 0.01522346767160343, 0.019000095468072686, 0.014074540449655615, 0.013755005409620935, 0.01367885533181834, 0.013978954375488684, 0.013625713378132787, 0.01415666983666597, 0.013350721477763727, 0.014727333320479374, 0.013305215878062882, 0.013137229827407282, 0.013312932904227637, 0.013579101367213298, 0.014511066656268667, 0.014246505466871895, 0.014131780968455132, 0.014156993824144593, 0.014997883150499547, 0.016003377259039553, 0.012805202066374477, 0.013615874901006464, 0.012700576306087896, 0.012947580758918775, 0.013866178931493778, 0.013292164563608821, 0.013473158956912812, 0.018294095367309637, 0.014942893936677137, 0.012101490239729173, 0.01242013609589776, 0.015667714906157926, 0.012190397555968957, 0.014081591096328339, 0.012188569162390195, 0.013075118993583601, 0.011920045199076412, 0.01266681441484252, 0.011946797676500864, 0.012602857790625421, 0.013293722142407205, 0.012428108817402972, 0.014979318919358775, 0.011883663100888953, 0.012436746208550176, 0.011680971401801798, 0.011962641423451714, 0.012895225303509505, 0.012726375156489667, 0.012649866403080523, 0.011563182506506564, 0.012687406571785687, 0.011722637958882842, 0.011330923178320518, 0.011513553417898947, 0.0119635126357025, 0.012796726801752811, 0.011235983067308553, 0.011654549289232818, 0.011554939508641837, 0.011908017440873664, 0.013058199248916935, 0.011644352260191226, 0.011223950652492931, 0.010967884347337531, 0.011402456100768177, 0.011017849781637779, 0.012749845245707547, 0.012161007911345223, 0.011470495901448885, 0.011379188785213046, 0.013298056463099783, 0.010845635810255772, 0.010824258581124013, 0.011318992445012555, 0.010678723509045085, 0.010885510509979213, 0.012060746234055841, 0.01691071087407181, 0.010470473032910377, 0.013596143802715233, 0.010934307716524927, 0.010076588769152295, 0.010963608718157047, 0.01023650628849282, 0.011047581199818524, 0.013836772170179756, 0.010580972131720046, 0.010988535370415775, 0.010932303106528707, 0.011718659290636424, 0.01059859092492843, 0.01017874040917377, 0.01052276178234024, 0.011136173310660524, 0.00991203648300143, 0.015866000660025747, 0.010518993447476532, 0.010459635777806398, 0.010221451102552237, 0.00956410625076387, 0.011344097285473254, 0.010777093833894469, 0.009874568673694739, 0.010751545964012621, 0.009461288562306436, 0.011016800277502625, 0.010956320496916305, 