{"recall": 0.7833588767489, "precision": 0.7926256568861508, "f1": 0.7852587170584092, "loss": [0.47753023891709745, 0.2703853602288291, 0.200630925828591, 0.17091445822734386, 0.15237694582901895, 0.13838646258227527, 0.129164204292465, 0.12135743995895609, 0.1168949092971161, 0.11080725392093882, 0.1059275065199472, 0.10248861584113911, 0.09946295421104878, 0.09795384737662971, 0.09557178465183824, 0.09285469772294164, 0.09052381134824827, 0.08875795023050159, 0.08696436486206949, 0.08528769185068086, 0.08251613931497559, 0.08166137791704386, 0.08230840734904632, 0.07825808791676536, 0.07711414573714137, 0.07555284147383645, 0.07430776176624931, 0.07308481927611865, 0.07187646999955177, 0.07198380507179536, 0.06984531303169206, 0.06908389204181731, 0.0674718426016625, 0.06661829684162512, 0.06555326384841464, 0.06630566838430241, 0.0635704910964705, 0.06256818692781962, 0.06241854451945983, 0.0613892579858657, 0.061654535675188527, 0.05957456098985858, 0.059986721840687096, 0.058057895745150745, 0.057886070222593844, 0.05713998875580728, 0.05602670123334974, 0.05505498469574377, 0.05556698521832004, 0.0536740692332387, 0.054072834114776924, 0.05279654121841304, 0.05308958512614481, 0.051273807330289856, 0.05092068383237347, 0.0504023818357382, 0.05151771582313813, 0.04887254594359547, 0.04805263300659135, 0.04794312626472674, 0.04781380484928377, 0.048251104686642066, 0.04662207281216979, 0.04561671879491769, 0.045830522692995146, 0.04445501178270206, 0.04465064499527216, 0.045651833002921194, 0.04344802975538187, 0.043509277689736336, 0.04332985127985012, 0.043316762676113285, 0.04258384842250962, 0.041522761777741835, 0.04149140167282894, 0.040964514526422136, 0.03969091648468748, 0.041000087760039605, 0.040042016582447104, 0.03843209029582795, 0.0405821182357613, 0.03934338553517591, 0.03764346499519888, 0.03847819067595992, 0.037207533401669934, 0.036584342960850336, 0.03742498316569254, 0.03804892070183996, 0.037395661856862716, 0.03667104565829504, 0.03651372324384283, 0.0353881134360563, 0.035542236088076606, 0.03427521481353324, 0.033835562760941684, 0.03459294965432491, 0.03416201220534276, 0.03349060015170835, 0.03405800061591435, 0.03351590775127988, 0.032822608554852195, 0.03409023437416181, 0.03235335047065746, 0.033645050396444276, 0.03206176143430639, 0.033474766576546244, 0.0323833880975144, 0.03244025458116084, 0.032290267263306305, 0.030524314599460922, 0.030786992152570747, 0.03033378538384568, 0.02970264945179224, 0.03095455191214569, 0.02988803580228705, 0.029349447213462554, 0.030017037148354575, 0.028928356390679255, 0.02873564553738106, 0.029490794506273232, 0.028357707953546196, 0.02827890482149087, 0.028023675025906414, 0.03213633243285585, 0.027242039126576856, 0.027624216862022877, 0.02906273897679057, 0.027150949666975066, 0.028945151301741134, 0.027755133705795743, 0.026756940853374545, 0.027429224326624535, 0.027324408692948055, 0.02585737947083544, 0.026235760291456245, 0.025470042593951803, 0.025045645154023077, 0.025279854744439945, 0.025023485912242904, 0.025187102204654366, 0.025876057479763404, 0.02505602537712548, 0.025070062198210508, 0.025647658578236587, 0.02476037036831258, 0.02370518134557642, 0.023777877431712113, 0.024412832499365322, 0.024552974733524024, 0.024241816689027473, 0.0234285034093773, 0.02378773102827836, 0.023036731479805894, 0.02377679407800315, 0.023107091838028282, 0.022845946776214987, 0.021872690274904016, 0.022232170958886854, 0.022499326296383515, 0.022789693539380096, 0.022334144880005624, 0.021692648733733222, 0.02200352408544859, 0.021338604026823305, 0.021353709053073544, 0.021588769981462974, 0.02195276708516758, 0.021007961615396198, 0.020871323999017477, 0.020950373516825493, 0.02076310593110975, 0.020961588197678793, 0.020921280716720503, 0.020811134767427575, 0.020667561024311, 0.022762014254112728, 0.019805115487542935, 0.02031197059841361, 0.01978313493600581, 0.019213661646062974, 0.019017820195585955, 0.02085325661028037, 0.019313777549541555, 0.01929695151920896, 0.01928698851406807, 0.018882707539887633, 0.018796056538121775, 0.01861391559941694, 0.018344704585615546, 0.01863666649296647, 0.01928670245251851, 0.0183234918731614, 0.021664128129486926, 0.018877151342167053, 0.01779109831477399, 0.018326926496229135, 0.01778500698856078, 0.018420505002723075, 0.0178978022740921, 0.019745028323086444, 0.020207490109896753, 0.017325384476862382, 0.018407853618555237, 0.016955847924691625, 0.01749373750499217, 0.01785914610081818, 0.01679922191397054, 0.01668803493521409, 0.019426488521276042, 0.016535195740289055, 0.018300543211807963, 0.01636215975304367, 0.01695812750404002, 0.016671471217705403, 0.017086274485336617, 0.01751645212789299, 0.019055350188864395, 0.01590048557409318, 0.017479502683272585, 0.01631088205613196, 0.0170467986681615, 0.015397534385556355, 0.015869046190346126, 0.015607604560500477, 0.015492533486394677, 0.015972481342032552, 0.015776796331920195, 0.015096637325768825, 0.015986817772500217, 0.01652409012604039, 0.01607163158041658, 0.015612214396242052, 0.01485874952049926, 0.017686582941678353, 0.015007009729743004, 0.01604337566823233, 0.015387901272333693, 0.01421519627183443, 0.014590097111067735, 0.014793271329835989, 0.0147587369356188, 0.014586102857720107, 0.015134189849050017, 0.015206795716949273, 0.014173386422044132, 0.01406634431987186, 0.01449911178497132, 0.015062059348565526, 0.01668776409496786, 0.013862191921361955, 0.017483729257946834, 0.01422698971873615, 0.013807964613079093, 0.013378721414483152, 0.013710068993532332, 0.013856658955774037, 0.015075826770043932, 0.01354008760972647, 0.013217117859312566, 0.013962611534225289, 0.01353445599306724, 0.014384633053850848, 0.013720275735977339, 0.013461292728607077, 0.014555159592418931, 0.013864841086615343, 0.012712529591226485, 0.013283084226713981, 0.01406669249990955, 0.013583276042481884, 0.013086089544231072, 0.014042972939932952, 0.012605304251337657, 0.012674809288000688, 0.01433851465844782, 0.012691950079897651, 0.01222987140135956, 0.013744470830715727, 0.012513643818238052, 0.012046400588587858, 0.012642618588870391, 0.014718141705088783, 0.012169042838650057, 0.01236566416991991, 0.01199509537400445, 0.01313275392021751, 0.012638357398827793, 0.01197749376660795, 0.011944167061301414, 0.011978900616668398, 0.012120729374146322, 0.01153782568871975, 0.012184611536213197, 0.012787765561370179, 0.012030379206407815, 0.011893660568603082, 0.01189388240891276, 0.013308913239598041, 0.011522928387421416, 0.012793029978638515, 0.011287125507806195, 0.011500112144858576, 0.01116961867592181, 0.011300155965727754, 0.012786269438947784, 0.011174795166880358, 0.014140820127067855, 0.010851102735614404, 0.011392973770853132, 0.011350810149451718, 0.018004689780354965, 0.014846070127532585, 0.01186188793144538, 0.011422328581829788, 0.011317095893900841, 0.01091147274200921, 0.010492014240298886, 0.010668643128155963, 0.011360907621565275, 0.0107725815687445, 0.010914477661572164, 0.010645134647347732, 0.01192570896455436, 0.010684355984267313, 0.013473677059664624, 0.011147377121233149, 0.013781656150968047, 0.010438927107315976, 0.010168729124416132, 0.010842962507012999, 0.010497188370209187, 0.0104562119631737, 0.011938578361878172, 0.013400259293121053, 0.009860519196081441, 0.01068723219941603, 0.010073317756905453, 0.012335961106145987, 0.010614558126690099, 0.010633709127432667, 0.010055025355541147, 0.010405625791463535, 0.013025332045799587, 0.010221806369372644, 0.010273857074935222, 0.009993280851631425, 0.010507392522413284, 0.011125841487228172, 0.009920253738528118, 0.012609554778464371, 0.011213512505491963, 0.011873434188601095, 0.011921327295567608, 0.009458127366087865, 0.009928543506248388, 0.012925439736136468, 0.009703079791506752, 0.009790299391170265, 0.009723641134769423, 0.009340379168861546, 0.00964903275234974, 0.009583966912032338, 0.009367633105284767, 0.009757185693160864, 0.014624254436057527, 0.010478655865881592, 0.01153641743803746, 