{"recall": 0.7620143338698024, "precision": 0.7920394688818663, "f1": 0.7662079146387109, "loss_list": [0.4769900755956769, 0.28032587908674034, 0.20752528824377806, 0.17489730967208744, 0.15392083670012652, 0.13842754430370405, 0.12755305923055857, 0.11944290827959776, 0.11382552543655038, 0.10824719117954373, 0.10417159959906712, 0.10084344077622517, 0.09762469385750591, 0.09561088983900845, 0.09294830124126748, 0.09022093825042247, 0.08810351712163537, 0.08682497717672959, 0.08513305836822838, 0.08321336036315188, 0.08165257123764605, 0.0804154553101398, 0.07939649328473024, 0.07738510531489737, 0.07617560504586436, 0.07500128808896989, 0.07395866723381914, 0.07248803582042455, 0.07166568483808078, 0.07095838115783408, 0.06978369079297408, 0.0687597612675745, 0.0677702792279888, 0.06690365714603104, 0.06613383906660601, 0.0656242685043253, 0.06396430353051982, 0.06337446717079728, 0.06288541235262528, 0.06177888883394189, 0.06108266561641358, 0.059817636787192895, 0.059939730301266536, 0.059149460116168485, 0.05800602468079887, 0.05731399120995775, 0.05676230998942629, 0.05607765514287166, 0.05669387748348527, 0.054588781559141354, 0.05416492003714666, 0.05356592523748986, 0.053363785560941325, 0.05263555370620452, 0.05209003854542971, 0.051673258718801664, 0.05081696699489839, 0.05048228149535135, 0.04972430158231873, 0.04931527630542405, 0.049148328753653915, 0.0498180840339046, 0.048037725919857624, 0.04770032563828863, 0.04698602340067737, 0.046394514731946404, 0.045762651215773074, 0.046101481281220914, 0.04513458957080729, 0.04530961791460868, 0.0442849926679628, 0.04414479113183915, 0.04385848639067262, 0.04299723286239896, 0.04344247486151289, 0.04255110327212606, 0.042166099560563455, 0.042071923447656444, 0.041296708353911527, 0.04124671749013942, 0.04095264439529274, 0.040183717416948636, 0.03959431027760729, 0.03947893912554719, 0.03915199264301918, 0.039098770919372326, 0.03941752891696524, 0.03841488785401452, 0.038392373907845466, 0.03783877604873851, 0.03736560427350923, 0.03719754659687169, 0.03714672970818356, 0.0367274685529992, 0.03611197271966375, 0.036497682175831866, 0.03581128898949828, 0.03582682216074318, 0.03629577171814162, 0.035209310767822896, 0.03516250195389148, 0.03483243313676212, 0.03471424682647921, 0.03432242413691711, 0.03480334476043936, 0.033536981281940825, 0.03380857427837327, 0.03364913828263525, 0.03295209388597868, 0.032788141959463245, 0.032781493981019594, 0.03205121642677113, 0.03223224314278923, 0.032059052857221104, 0.03169363024644554, 0.03155695130699314, 0.03195741029048804, 0.03164590215019416, 0.030769083410268648, 0.031243558766436762, 0.0312010280409595, 0.030704671540297566, 0.029967972528538667, 0.030134146352065728, 0.029857706560869703, 0.02928819350199774, 0.030178188782883808, 0.029356177066802047, 0.029728435093420557, 0.02882040683471132, 0.028674222907284275, 0.028780803771223874, 0.02914524771331344, 0.028312638761417475, 0.028252155589871108, 0.02800511436944362, 0.027619916637195274, 0.02738818441721378, 0.027036617204430513, 0.027619050000794232, 0.027646477114467417, 0.02727839952422073, 0.02735580634471262, 0.027005860653298443, 0.026076553994789718, 0.02665788023296045, 0.026231633222778328, 0.025835444092808756, 0.026718127157073467, 0.02577522263454739, 0.025924171438964548, 0.02540291977056768, 0.025894928319030442, 0.025731902658299076, 0.025246022290957626, 0.025076908369373995, 0.02477465883712284, 0.02443930179288145, 0.024499111756449567, 0.025211280763323886, 0.02498766194767086, 0.024056480784201993, 0.024449512413411867, 0.023738713437342084, 0.024117458780528976, 0.02355770665744785, 0.02458985055418452, 0.02350054391718004, 0.023981000403000507, 0.023420849697140513, 0.022786730382358657, 0.02333234947582241, 0.022868921744520775, 0.02270526962383883, 0.02290661855804501, 0.02319869233324425, 0.02318588426860515, 0.022677137117716482, 0.02258161467470927, 0.02232307004160248, 0.02207509395229863, 0.022311599263048265, 0.022683643842174205, 0.022176179877715186, 0.02142086484527681, 0.02149990585166961, 0.02151114564476302, 0.02105196186021203, 0.02189858098863624, 0.021475709369406105, 0.021155054149858188, 0.02121004295477178, 0.020877962902886793, 0.021423163314466365, 0.020515054691350086, 0.02056540836347267, 0.020609838792006487, 0.020958259224426002, 0.020739132273592985, 0.020720608172996435, 0.020598112102015877, 0.020056966022821143, 0.01961227899446385, 0.019962026561552194, 0.020036555717524607, 0.01982675077015301, 0.020184332827921026, 0.02049513582023792, 0.01991681235813303, 0.019469797775673214, 0.02009021581034176, 0.01892297770391451, 0.01979341883561574, 0.019043389733997173, 0.01912252143229125, 0.019749532121932135, 0.019573959814442786, 0.01952477907325374, 0.01927303184638731, 0.01892817754560383, 0.01920494043879444, 0.018856539150874596, 0.018704100718605333, 0.018246424189419484, 0.017911355529213323, 0.01833569706068374, 0.017866668033821042, 0.01775075812183786, 0.01811228979495354, 0.01960215374274412, 0.018167778296628967, 0.01772986498835962, 0.01794036529317964, 0.018868040860979818, 0.01790206318401033, 0.017947946439380757, 0.017054732565884478, 0.017700707461335695, 0.01696247814252274, 0.01741388846276095, 0.016907607548637314, 0.017737803600903136, 0.0179273497662507, 0.017630861602083315, 0.016793580270314124, 0.016688453222013778, 0.018212436490284745, 0.01712258932966506, 0.01726692868542159, 0.017126047970668877, 0.017264580189657864, 0.016494350624270737, 0.016436914734367748, 0.01710387561179232, 0.016522712030564435, 0.016261347106046743, 0.016877617858699522, 0.01588514392497018, 0.017627215653192252, 0.016327415685373124, 0.016517083648068365, 0.015796507062623276, 0.015862866186944304, 0.015822239947738126, 0.01570268596842652, 0.015548258204216837, 0.015604599552170839, 0.015815644411486574, 0.016443572769640015, 0.015700120900874026, 0.01592715133956517, 0.015697206144977827, 0.01572125480597606, 0.015687512501608582, 0.01565683649823768, 0.015163596972706727, 0.015102429450780618, 0.015568457700283034, 0.015661499836278382, 0.01501776803197572, 0.015595879552711267, 0.016755542770260944, 0.015101860663708066, 0.015211745232954854, 0.014724718402430882, 0.015372625897725811, 0.01576986607760773, 0.014781721478357213, 0.014135687542147935, 0.014314881434984272, 0.014732577424001646, 0.014583265847613802, 0.014740117113251471, 0.013983042414474766, 0.014716049053095048, 0.014596973699372028, 0.01400392942232429, 0.014260910648590652, 0.015119022314320319, 0.014664523291867227, 0.013668172695906833, 0.014270568313077093, 0.014286591858399334, 0.01461758505902253, 0.014035730573959881, 0.013828218047274276, 0.01470315058104461, 0.013748470524296863, 0.014146033149881988, 0.01399549328998546, 0.014244430924736661, 0.014590717895771377, 0.014520857066963799, 0.014178272177377948, 0.013263439162983559, 0.013741368302726186, 0.01338874552238849, 0.013873046418302693, 0.013466035609599202, 0.012904837124369805, 0.013855704438174143, 0.013011020091653336, 0.01383109852031339, 0.01360967186265043, 0.012992928591120289, 0.012726416416990105, 0.014794303463713732, 0.01305704546830384, 0.012991719337151153, 0.012847006616357248, 0.01299989461331279, 0.012890473433799343, 0.013326918821985601, 0.014860850089462474, 0.01246717622198048, 0.012739865719049703, 0.013923347320815082, 0.013658292934997008, 0.013265732633590233, 0.012796588140918174, 0.013096866952400888, 0.012781890483893221, 0.013430994257942076, 0.012351581009716029, 0.012445582527288935, 0.012905911973211915, 0.012863756477599964, 0.01290444766636938, 0.012147175143036293, 0.012107543355523376, 0.01312131835584296, 0.012528060600743629, 0.012399766111047938, 0.012302486232511001, 0.011625883611122845, 0.014783313190855551, 0.011994242499349638, 0.012534430372033967, 0.011846012237219839, 0.012299974021880189, 0.011807930388022215, 0.011874510544294026, 0.01161283017936512, 0.011821329787926516, 0.01223705972370226, 0.012204392503917916, 0.012252808523771818, 