{"recall": 0.7719879369160033, "precision": 0.7837544047795751, "f1": 0.7726050786342377, "loss": [0.47722687292844057, 0.27335716923698783, 0.20367455657105893, 0.17269974248483777, 0.15307174413464963, 0.13777137571014464, 0.12788632925366983, 0.11956728767836466, 0.11517457402078435, 0.10868305212352425, 0.10467583814170212, 0.10112344293156639, 0.09807075175922364, 0.0974208801635541, 0.09480750956572592, 0.09133149712579325, 0.08950750826625153, 0.08760953193996102, 0.08628079603658989, 0.08446749247377738, 0.08222372739692219, 0.08107664185808972, 0.0816335171693936, 0.07799939674441703, 0.076967232482275, 0.075064288219437, 0.07374977658037096, 0.07279456112883054, 0.07143127679591998, 0.07173506397521123, 0.07001578714698553, 0.0691260363382753, 0.06773110185167752, 0.06683449997217394, 0.06600577564677224, 0.06555995272356085, 0.06388573092408478, 0.06237682173377834, 0.06226310523925349, 0.06139852665364742, 0.06180592603050172, 0.059637516213115305, 0.060521461855387315, 0.05824890179792419, 0.05784735377528705, 0.057330191863002256, 0.05669370392570272, 0.055265834351303056, 0.05610992413130589, 0.054162653745152056, 0.0543675797234755, 0.0532388390856795, 0.053055612777825445, 0.05205632472643629, 0.051477299886755645, 0.0508943009772338, 0.051230210199719295, 0.04960500411107205, 0.048529907217016444, 0.04858819642686285, 0.048870004538912326, 0.04860619374085218, 0.04726040468085557, 0.0462744464748539, 0.046665834524901584, 0.04506920052517671, 0.04572873350116424, 0.046671651129145175, 0.04373481619404629, 0.044216833397513255, 0.043210918811382726, 0.04405671751010232, 0.042515632245340385, 0.04223195477970876, 0.04290269114426337, 0.04143791628303006, 0.040422860853141174, 0.041436908970354125, 0.04062469836208038, 0.039627411897527054, 0.040810226419125684, 0.039496276833233424, 0.03863565764913801, 0.039228149253176525, 0.038197623478481546, 0.03738191750016995, 0.039090787395252846, 0.03824178036302328, 0.03856057483062614, 0.03759192586585414, 0.03722497320268303, 0.035949911223724484, 0.03544163685000967, 0.03497081663226709, 0.03492418759560678, 0.035260707954876125, 0.03480969234078657, 0.034078125390806235, 0.03468211223662365, 0.03444000447052531, 0.03377513751911465, 0.03465278598014265, 0.033693935300107114, 0.034030228591291234, 0.0326680258003762, 0.034577239566715434, 0.033811108965892345, 0.03374571286258288, 0.03273351579264272, 0.03164643423224334, 0.031432906282134354, 0.031470970701775514, 0.030739739566342905, 0.031430455201189034, 0.03072065817832481, 0.03049546797410585, 0.03127760779170785, 0.029759975892375223, 0.02963980915956199, 0.030976684342022054, 0.029373030076385476, 0.03044011337624397, 0.02913544519105926, 0.031330243829870597, 0.028717428009258583, 0.02885209101077635, 0.02902218514645938, 0.028523675544420257, 0.030325408166390844, 0.028413618725608103, 0.027901354158530012, 0.02846962443436496, 0.028612428359338082, 0.027182912366697565, 0.02745508744555991, 0.02668096192064695, 0.02653013201779686, 0.026985406613675877, 0.025934058154234663, 0.02597732159483712, 0.026257598328811582, 0.02707368750270689, 0.026332235080190003, 0.02593682918086415, 0.025897330269799568, 0.02520529055618681, 0.02533523694728501, 0.025790392712224275, 0.02576463729928946, 0.02580978769401554, 0.024722068199480418, 0.02478785497805802, 0.024313240021001548, 0.02591774836037075, 0.024040822208917234, 0.024116906031849794, 0.02323217886441853, 0.02378608530125348, 0.023487919781473465, 0.023838222106860485, 0.025077188343857415, 0.02317631441837875, 0.023705595711362548, 0.022765428031561896, 0.022807668254245073, 0.022479568971903063, 0.022462657383584883, 0.023332801982178353, 0.022316699716611765, 0.02234218953526579, 0.022439805368776433, 0.021955376338155475, 0.02248004561261041, 0.02217486574227223, 0.02216071630391525, 0.024619868054287508, 0.021434231908642687, 0.02158133812190499, 0.021122430902323686, 0.02090783539460972, 0.020522751903627068, 0.022157207706186455, 0.02065405363100581, 0.02249707723967731, 0.02060388000245439, 0.020358157285954803, 0.020160656560619827, 0.01998095558519708, 0.02012702138745226, 0.020861547985987272, 0.021631064679240808, 0.020372765415231697, 0.020821394115046132, 0.020099278262932785, 0.019288144256279338, 0.019821302958007436, 0.020194540767988656, 0.020609197083103936, 0.018990362077602185, 0.019855209458910394, 0.020289528372813947, 0.018872127453505527, 0.019498081870551687, 0.018628335958055686, 0.018881830634200014, 0.020483883934502956, 0.018468514426785987, 0.018664774543140084, 0.020197862620989326, 0.018446921225404367, 0.018764392283628695, 0.01788362608931493, 0.01829696894128574, 0.01856884532753611, 0.019022545988264028, 0.018452290169079788, 0.020232638606103137, 0.017751342020346783, 0.019172565524058882, 0.018689169621211477, 0.018670314871997107, 0.01693223374604713, 0.017283579603827093, 0.0176003366796067, 0.016968993833870627, 0.01749885820754571, 0.016993331533740275, 0.01682357723620953, 0.017606961439014412, 0.01847210299456492, 0.016813305875984952, 0.017022858453856315, 0.01692497915792046, 0.01941357057512505, 0.017248184798518196, 0.016636466309137177, 0.01686938632337842, 0.016005408673663624, 0.01625231029902352, 0.016120431340823416, 0.016568908147746697, 0.017185277843964286, 0.0166868205924402, 0.016679279287927784, 0.015666807456000242, 0.01705315210710978, 0.01602382623241283, 0.016412641387432814, 0.01656663692119764, 0.01581727574375691, 0.018085013296513353, 0.015700191070209257, 0.015686126942455303, 0.01542872266145423, 0.015614743198966607, 0.015346011772635393, 0.01586296330060577, 0.015197914101008791, 0.015266476628312375, 0.01545977820569533, 0.01528122070885729, 0.01595166129845893, 0.015336656702856999, 0.01511431967082899, 0.01587891799863428, 0.014996642854384845, 0.014428706344915554, 0.014776429728954099, 0.01567914463521447, 0.014055861174711026, 0.01427606366269174, 0.01614861971756909, 0.01493926232069498, 0.01461341000685934, 0.01706790053867735, 0.013962735814857297, 0.013747282748227008, 0.015154665779846255, 0.014470129870460369, 0.014071761062950827, 0.01453312816011021, 0.01784779281297233, 0.014744417003385024, 0.01374959158420097, 0.014152439784083981, 0.01517609553411603, 0.014828959505393868, 0.013560041676100809, 0.013670308304426726, 0.013091010128846392, 0.014148961174214492, 0.01301505223091226, 0.01452528053050628, 0.013096183025481878, 0.013279305061587365, 0.015290837131033186, 0.013266250767628662, 0.015004594191850629, 0.013473856990458444, 0.013993918968481012, 0.012629750508494908, 0.013003222142287996, 0.01338214861243614, 0.012904150251415558, 0.013472851780534256, 0.012941480021254392, 0.015384936705231667, 0.012802564797311788, 0.012915705250634346, 0.01288784374264651, 0.016968208707112353, 0.017726983733155066, 0.013596091899671592, 0.013605093787191436, 0.012122769163397606, 0.012246960122865858, 0.012681774518569, 0.01264955589431338, 0.01334373381541809, 0.012422222167515429, 0.012535490976006258, 0.012647662013478111, 0.014148078073048964, 0.013206747931690188, 0.012059556360327406, 0.012639558688533725, 0.014724647877301322, 0.012071827819454484, 0.012085100570402574, 0.011943510991841322, 0.01215857913120999, 0.012627591520868009, 0.012814934176276438, 0.01312155702180462, 0.01234339372967952, 0.012192842656077119, 0.01184477381320903, 0.014051096033654176, 0.014305005788628478, 0.012218936186400242, 0.011789158059400506, 0.012372401801258093, 0.014668895866634557, 0.012742160619382048, 0.011791714048740687, 0.01186553902880405, 0.011684118857374415, 0.011763400805648416, 0.011438187520980136, 0.011763167934986996, 0.013565754554292653, 0.013947835759609006, 0.012350642606179463, 0.011370507167157484, 0.011028299024474109, 0.014435627359489445, 0.011007331420842092, 0.0117965931785875, 0.01180382071834174, 0.010903318110649707, 0.011219975756830536, 0.01156052485021064, 0.010951626623864286, 0.011871821610839106, 0.014587776029657107, 0.012162053510110127, 0.01235825273397495, 