{"recall": 0.797152321154892, "precision": 0.8041765728345412, "f1": 0.7987612771498973, "loss": [0.47802817914634943, 0.2917358515551314, 0.2130035210866481, 0.17902242299169302, 0.1569280948024243, 0.1406041724840179, 0.12872411857824773, 0.1211993433535099, 0.11513205216033384, 0.10896985942963511, 0.10511040297569707, 0.1011487313080579, 0.09778180642751977, 0.09514590224716812, 0.09342187369475141, 0.09042807127116248, 0.08865821914514527, 0.08735495695145801, 0.08547544211614877, 0.08336988533847034, 0.08186863575247116, 0.08083854368305765, 0.07833891586051323, 0.07705668266862631, 0.07637291590799578, 0.07613044237950817, 0.07394690354703926, 0.07292812393279746, 0.07316712933243252, 0.07079086359590292, 0.07083547237562016, 0.06868880119873211, 0.06807675864547491, 0.06694388217874803, 0.06738770790980197, 0.06478820357006043, 0.06432738073635846, 0.06395366601645947, 0.06292357464553788, 0.061803697783034295, 0.06100942028569989, 0.06024433407583274, 0.06017100714961998, 0.05960269665229134, 0.05809203509124927, 0.05756107802153565, 0.05696828506188467, 0.05663690430810675, 0.05585544550558552, 0.054792645591078326, 0.054387719777878374, 0.05327224437496625, 0.054302974545862526, 0.052225992374587804, 0.051420630945358425, 0.052957666834117845, 0.05041092477040365, 0.05075919520459138, 0.049836558901006356, 0.04865958454320207, 0.05065020301844925, 0.049117121438030154, 0.047474665741901845, 0.048314333136659116, 0.04683660253067501, 0.04636280256090686, 0.0454353557433933, 0.04593334096716717, 0.04531835485249758, 0.045036143812467344, 0.04486730427015573, 0.04389259434537962, 0.04542873513128143, 0.043155126710189506, 0.04408942462760024, 0.04365048179170117, 0.04175045520241838, 0.042631792079191655, 0.04126988635107409, 0.04190859742811881, 0.04139480018056929, 0.03990095210610889, 0.03959084856614936, 0.03973736880288925, 0.03974654307239689, 0.039281426012166776, 0.0394474541535601, 0.038747308746678755, 0.03969084771233611, 0.03787934819411021, 0.037416198654682375, 0.037597742048092186, 0.03682537154236343, 0.037312214088160545, 0.03625696964445524, 0.03563842455332633, 0.03589169240149204, 0.035441215135506354, 0.040683598461328074, 0.036082606253330596, 0.03465896940906532, 0.03509311341622379, 0.03417317819548771, 0.03391115405247547, 0.03412815374031197, 0.03382450966455508, 0.03336535255948547, 0.03381529249600135, 0.03309475180867594, 0.03220634823082946, 0.03593635332072154, 0.03175075766921509, 0.03251134384481702, 0.032876421450055204, 0.03245274710934609, 0.032141276766196825, 0.03251876446302049, 0.03128818808181677, 0.03168228318099864, 0.03148517900262959, 0.031441030572750606, 0.03027420181024354, 0.02975285089632962, 0.029739648351096548, 0.029526534635806456, 0.02922825439600274, 0.03208009326772299, 0.029780438024317846, 0.029705366818234324, 0.030073439062107354, 0.028919380507431924, 0.029513803820009343, 0.029313211955013685, 0.029486225961591117, 0.02789748361101374, 0.02832630703051109, 0.027874435545527376, 0.027396843273891136, 0.028149404723080806, 0.027126853761728853, 0.027070009920862503, 0.028203690511872992, 0.02707192259549629, 0.027399506099754944, 0.02624938297958579, 0.026617618888849393, 0.027358637802535668, 0.026565716514596716, 0.030631892645033076, 0.025716745323734358, 0.026845928805414587, 0.026331840927014127, 0.026140661851968616, 0.025581675523426384, 0.026014640141511336, 0.02480183025181759, 0.025286849959229585, 0.02481945915496908, 0.02558875754039036, 0.02838966777198948, 0.024947694590082392, 0.02476665625727037, 0.024753430567216128, 0.02468235676496988, 0.023845117204473354, 0.023818586429115385, 0.02669636557402555, 0.023629870396689512, 0.02331526138004847, 0.025347475369926542, 0.02295377236441709, 0.02439857663557632, 0.02308238182013156, 0.024139025153999683, 0.023908865339762997, 0.023488009144784883, 0.026274264324456453, 0.023005417970125563, 0.024081275791104417, 0.02224383914290229, 0.022067124664317816, 0.023113499220926315, 0.02438694122247398, 0.022581627970794216, 0.023141578916693106, 0.021571960336586926, 0.02123603787185857, 0.02165043472632533, 0.022430791235819925, 0.023239955931785516, 0.0211119130908628, 0.021666693370207213, 0.021500861053937115, 0.021539770474191755, 0.021973081762553193, 0.021182186079386156, 0.021526918295421638, 0.02267709768784698, 0.023520184069639072, 0.021799469694087747, 0.020103063943679444, 0.020851482935540844, 0.02066340154124191, 0.021242868395347614, 0.0198790311042103, 0.020332031635916792, 0.01991564515628852, 0.021570646014879458, 0.02010007091303123, 0.02014928697462892, 0.02282666850805981, 0.019594714598497376, 0.02200415402330691, 0.019135335634928197, 0.02042925658315653, 0.01930645091488259, 0.020097044020076282, 0.02245281741488725, 0.02035027187957894, 0.018367269265581854, 0.018566770551842637, 0.020673924329457805, 0.01969263750652317, 0.018115558552381117, 0.018577467046270613, 0.018718019520747475, 0.018618290523590986, 0.01838579145987751, 0.01858062407700345, 0.02638531380216591, 0.018156459482270293, 0.017818717002228368, 0.01824095263145864, 0.01816156061249785, 0.018400164633931126, 0.01810005967854522, 0.01767671177367447, 0.01852951383625623, 0.017936246731551364, 0.01720536767243175, 0.017560005297127645, 0.020082849674508907, 0.021092654023959767, 0.017793471313780174, 0.0169305164454272, 0.016728942071495112, 0.02217652659601299, 0.016884898614080157, 0.01696965337760048, 0.01746266699046828, 0.01667396265111165, 0.016924530449614394, 0.017055377589713316, 0.019421120909100864, 0.017264046546188183, 0.017914174903125968, 0.0165389148023678, 0.016442127322079614, 0.017735342124069575, 0.017181326904392336, 0.016239237200352363, 0.016391487144574057, 0.016578577138716355, 0.01608831590419868, 0.016126810638525058, 0.016924794123042375, 0.016126701615576167, 0.01822234233986819, 0.01773414980561938, 0.0164418291678885, 0.017720406183798332, 0.01579946175479563, 0.01803470976301469, 0.017171572653751355, 0.015368965461675543, 0.015502962327445857, 0.01576037072663894, 0.016732955220504664, 0.01529133616713807, 0.015072121750563383, 0.01540461707918439, 0.015860827232245356, 0.017228050412086304, 0.015166756755206734, 0.01474065027286997, 0.014969144380302168, 0.015865425470110495, 0.015566697671602014, 0.015230858523864299, 0.014674391466542147, 0.0149440614040941, 0.014938246644305764, 0.015032129755127244, 0.014441581177379703, 0.01629440507167601, 0.015594068740028888, 0.014511020126519725, 0.013845732344634598, 0.01580576026753988, 0.013992824548040517, 0.014657205112598604, 0.015464947478903923, 0.016771317823440768, 0.016036238768720068, 0.01461714503238909, 0.015626255131792277, 0.014262483789934777, 0.013961015953100286, 0.01367151083832141, 0.01455933712713886, 0.014150823117233813, 0.014923925980838249, 0.018013981432886794, 0.015081869627465494, 0.014297267778601963, 0.014382058572664391, 0.013603824696474476, 0.01542462356883334, 0.013422539428574964, 0.01399437004874926, 0.013414145425485913, 0.01322868961142376, 0.014186261389113497, 0.013438456386211328, 0.013187307009502547, 0.013514113237761194, 0.016970414522802457, 0.01366633249563165, 0.014116468766587786, 0.0134502861474175, 0.013516474107746035, 0.0139210224551789, 0.013458312736474909, 0.015787550291861407, 0.013039486075285822, 0.012965709422132932, 0.01750028972310247, 0.012666867976804497, 0.015021300692751538, 0.013444285024888813, 0.01300440616614651, 0.012953488738276064, 0.013794814800348831, 0.012266159974387847, 0.012922728019475471, 0.012286477354791714, 0.015756096770928707, 0.013185008803702658, 0.012460650552384323, 0.012593027891853126, 0.013016547483857721, 0.01236969180899905, 0.013081918245006818, 0.012370457632641774, 0.012483604987210128, 0.014662185163615504, 0.013720917693717638, 0.015828235369554022, 0.01208384610072244, 0.014188205233949702, 0.011963397155341227, 0.012901024409075035, 0.01223144893810968, 0.01238598352210829, 0.012001977971522138, 0.013466267682815669, 0.011865598455187865, 