{"recall": 0.7797004004548376, "precision": 0.7955050545368727, "f1": 0.7818333929429, "loss": [0.4759071769658476, 0.2786078453063965, 0.20747398189269006, 0.17443491599988192, 0.1537778767524287, 0.1383958735386841, 0.12745538871968165, 0.1183942251955159, 0.11274383123964071, 0.10794649051968008, 0.10343060549348593, 0.10010004619834945, 0.09755139058688655, 0.09472014725906774, 0.09213245613500476, 0.08877493342151865, 0.08714423858327791, 0.08488013182068244, 0.0839088925276883, 0.08138653164496645, 0.08074490545550361, 0.07930129556916654, 0.0777019799570553, 0.07578159603872336, 0.07491960519109853, 0.07375083662918769, 0.07309522255673073, 0.0711475069692824, 0.07035867046215571, 0.06933063667383976, 0.06796129592112266, 0.06683131778845564, 0.06650377987534739, 0.06553458649432287, 0.06423038517823443, 0.06361509117414244, 0.06247783845174126, 0.0631989766843617, 0.06139454455114901, 0.06059213972184807, 0.06008888274664059, 0.05874676970415749, 0.05884842114755884, 0.05741270779981278, 0.05662183521781117, 0.05601657592342235, 0.0558301700220909, 0.05528300188598223, 0.05573494563577697, 0.053059652185766026, 0.05283013836015016, 0.053042202489450574, 0.051245646085590124, 0.05206753080710769, 0.052472165174549446, 0.050299000897211954, 0.04995430930284783, 0.049686487240251154, 0.04851066155242734, 0.04934769822284579, 0.047558074904372916, 0.0491413283161819, 0.04727498142165132, 0.04696846735896543, 0.04608066496439278, 0.04706481529865414, 0.04521914615179412, 0.044984230524278246, 0.04440360257285647, 0.04505831593996845, 0.043380638147937134, 0.04346757347229868, 0.043040520075010136, 0.042530947757768445, 0.04283076168212574, 0.042570893696392886, 0.0420954751316458, 0.04182053009571973, 0.040945416476461105, 0.041425884744967334, 0.04052976841921918, 0.04064610379282385, 0.03971142045338638, 0.03931743945577182, 0.03858763691096101, 0.03961862716823816, 0.039352512219920754, 0.038198608250240795, 0.03748678194824606, 0.03814613692520652, 0.03830622312671039, 0.03711320069851354, 0.03718728072999511, 0.037645973585313186, 0.03584263259836007, 0.0365623702382436, 0.036176266774418764, 0.036818032182054594, 0.03446866321610287, 0.03528741544869263, 0.035947104333899915, 0.03494198227417655, 0.034815352177247405, 0.03572603985958267, 0.03420369524974376, 0.032525799790164456, 0.03298165416345, 0.03397847615997307, 0.032899131008889526, 0.03273297077976167, 0.03193249742616899, 0.031799373726244085, 0.032167361612664536, 0.032293561307596974, 0.031699322222266346, 0.030916003393940628, 0.03205121365317609, 0.03337022181949578, 0.03117532118631061, 0.030440542002907023, 0.03313051250006538, 0.03098195571510587, 0.029819030401995406, 0.02954341504664626, 0.030676199006848037, 0.029552984808105975, 0.029979781684232876, 0.029479914082912728, 0.029976476202136837, 0.028641968485317193, 0.02923256397480145, 0.028283249674132094, 0.029218015508376993, 0.02746983901306521, 0.029181336096371524, 0.02865136825130321, 0.028044704697094858, 0.027673472817696165, 0.027750551467761397, 0.02725804272631649, 0.02794801194977481, 0.028322811354883015, 0.02858648203255143, 0.026692281433497556, 0.02636156280641444, 0.027018139349820558, 0.02566759854380507, 0.02592933549749432, 0.025376208155648783, 0.025497273571090773, 0.026428177443449385, 0.024807946298096795, 0.026889055021456443, 0.025355059930006973, 0.025836140601313673, 0.02681532262795372, 0.02426653453585459, 0.02452555188210681, 0.024611124434159137, 0.025349585266667418, 0.024692668943316676, 0.023768841470882762, 0.025297821179265156, 0.024246739747468382, 0.024471608732710592, 0.023591258577653207, 0.02462461669347249, 0.023556224798085168, 0.02448988359537907, 0.02288810073514469, 0.022710090786858927, 0.02296486680279486, 0.022953346597205382, 0.022221411083592102, 0.02211263691424392, 0.022305728183710016, 0.022767860456951894, 0.02392942478763871, 0.022271863541391212, 0.022283786500338465, 0.02290249744692119, 0.021975355834001675, 0.025065157751669176, 0.021772764790512156, 0.021306681497662794, 0.021702765210648067, 0.021548868775425944, 0.021383156228694133, 0.02323688194155693, 0.02062126706005074, 0.021184478333452716, 0.021059986320324242, 0.02074924168846337, 0.019904105036403053, 0.020576900838932488, 0.02114352107309969, 0.020221717706590425, 0.01984184906905284, 0.020612726715626195, 0.01992633760528406, 0.020723639994685072, 0.020356733046355657, 0.019047956739086658, 0.020249014945875388, 0.020500452592386864, 0.019196835564798675, 0.020064803909917828, 0.019077698969340418, 0.02122198721190216, 0.01926043023559032, 0.02037605338409776, 0.019145065227348823, 0.021142940247955266, 0.018692448575166054, 0.018475694851076696, 0.02098977056448348, 0.020446431946766097, 0.019218180976167787, 0.018808506516506895, 0.020052815532835666, 0.017570835683727637, 0.018594683628180064, 0.020250883309927303, 0.018575420399429277, 0.017801110014261212, 0.018233122435049154, 0.018053463674732484, 0.018118790634616744, 0.01783055652776966, 0.01770359829242807, 0.018425712383759674, 0.018217603472294286, 0.018656209620530717, 0.01807738512434298, 0.01735117690259358, 0.019913570118660573, 0.01694083233451238, 0.0171674161174451, 0.016557641742110718, 0.01801699726638617, 0.01717566627485212, 0.016316513858328108, 0.01834272099949885, 0.017106813720602077, 0.016076819141744636, 0.016072492795501603, 0.01649088466365356, 0.018774689051497262, 0.016780443394964095, 0.01877471732586855, 0.017274531128350645, 0.017303499080298934, 0.016364094328309875, 0.015952715228195302, 0.016441463121736888, 0.016794855619082227, 0.016156397774466313, 0.0156835052112001, 0.019033381147892214, 0.01522512092924444, 0.015612542898452375, 0.015375772207335103, 0.016122277491376735, 0.01592093100771308, 0.01531281146890251, 0.01524715477717109, 0.015408441387990024, 0.015258268889738247, 0.015433509266586043, 0.016757560581027064, 0.017275845893891528, 0.016137006394274067, 0.014374105026945472, 0.015729707258287817, 0.01527129796158988, 0.015160510723944753, 0.015217671425489243, 0.014683145578601398, 0.016993783923680894, 0.014860223949654028, 0.015300153892894741, 0.018797764802002348, 0.01416840387537377, 0.014739426020241808, 0.013943474070401862, 0.01519479441412841, 0.014093370198679622, 0.014482856229733443, 0.013662180310348049, 0.015160322924202774, 0.013894091694965027, 0.016101021617942024, 0.01366366534421104, 0.014170199203363154, 0.013622457030578516, 0.01401165159768425, 0.013617323067592224, 0.014290669219917618, 0.01825663825002266, 0.015658089861972257, 0.013500741697498597, 0.013119400500727352, 0.013429818143777084, 0.013227418094174936, 0.014110333104326855, 0.013770867029961664, 0.01312582036916865, 0.013426953039015643, 0.01619602887512883, 0.014009599159180652, 0.013130046401784057, 0.013382906927290605, 0.01390431705294759, 0.01557641641193186, 0.013477043936291011, 0.013314004820131231, 0.01438334788690554, 0.013994537013786612, 0.014415002282476053, 0.012422134488588199, 0.013528999894333538, 0.01290321719716303, 0.012601742244441994, 0.016170087135833455, 0.012535492453025654, 0.012306297197937965, 0.01426230951983598, 0.01301642577527673, 0.012729248479445232, 0.013222657580627128, 0.013116105270455591, 0.012898431854409864, 0.014662343215604778, 0.020947702709236182, 0.012233451085194247, 0.01424380365642719, 0.012312605744227767, 0.011677782025799388, 0.01203058855389827, 0.012034896615659818, 0.01536934381510946, 0.011783609395934036, 0.014101684642810142, 0.011708798989275238, 0.011815666610345943, 0.011939484247704968, 0.012767217474902282, 0.012034475796099287, 0.012313137351156911, 0.012280627492145868, 0.011878891884407494, 0.012373641991871409, 0.012563397842313861, 0.013056182993750554, 0.011602282160311006, 0.015316280700062634, 0.01193197149405023, 0.011923934278456727, 0.011375633745046798, 0.013439437410852406, 0.011429245205363259, 0.011747472763090627, 0.012010012942482717, 0.011561514078493929, 0.011852352439746028, 0.011803526744188275, 0.012015533859084826, 