{"recall": 0.680344077516314, "precision": 0.7861914268045803, "f1": 0.695741885117237, "loss": [0.4776375279761851, 0.28428492275997996, 0.20949007931631058, 0.17627885786350816, 0.15546597901266068, 0.14043035550275818, 0.12916023074649274, 0.12181072583189234, 0.11578551278216764, 0.1100400387076661, 0.1064342309255153, 0.10301973618334159, 0.10031518823234364, 0.09664226055610925, 0.09448586276266724, 0.0925608056713827, 0.08900823415024206, 0.08849096338963136, 0.08640391012886539, 0.08471564599312842, 0.08276346931234002, 0.08207085853791796, 0.08154084213310853, 0.07965794252231717, 0.07776221298263408, 0.07673021778464317, 0.07584441752987914, 0.0745939415646717, 0.07277636774233542, 0.07302923485985957, 0.0711595788015984, 0.07034051456139423, 0.06958081768243574, 0.0687969354330562, 0.06822742387885228, 0.0698111135570798, 0.06573817756725475, 0.06513065870967694, 0.06522133774706163, 0.06432231009239331, 0.06257942391675897, 0.06152342091081664, 0.061316719045862556, 0.06223203320405446, 0.06001160221057944, 0.05913365262676962, 0.05865465622628108, 0.05821587599348277, 0.05865473207086325, 0.057560000219382346, 0.055608848575502634, 0.055609519564313814, 0.05548934935359284, 0.05460997225600295, 0.053526991920080036, 0.05299567795009352, 0.052650266530690715, 0.05187738619861193, 0.05166385775373783, 0.05137733556330204, 0.05063343563233502, 0.05297487345524132, 0.049219346343306825, 0.0489019833621569, 0.04897201849962585, 0.04786931033595465, 0.04762262135045603, 0.04773553031554911, 0.04659543349407613, 0.04762027887045406, 0.045791006661602296, 0.04550855327397585, 0.04559228543075733, 0.04466709977714345, 0.04538313241209835, 0.04363738285610452, 0.04472747721592896, 0.0431739088089671, 0.04332885226176586, 0.042970026610419154, 0.04201740254939068, 0.041950706217903644, 0.04137438924226444, 0.04063399325241335, 0.040702044003410265, 0.041315229042083956, 0.040849150565918535, 0.03960240021115169, 0.039417580715962686, 0.03908553835935891, 0.038274804450338706, 0.03941656388633419, 0.03860807819000911, 0.0374367391486885, 0.03756352474738378, 0.03907081577926874, 0.03757839492755011, 0.03829654055880383, 0.038134437330882065, 0.03649904252961278, 0.035877324640750885, 0.036319635255495086, 0.03741779709525872, 0.03554701208486222, 0.03891561247291975, 0.03493922947382089, 0.03488780578481965, 0.034367058193311095, 0.033945000323001295, 0.03456044495396782, 0.032968175335554406, 0.033711513635353185, 0.03441387899511028, 0.0338202471320983, 0.032435355038614944, 0.03363650187384337, 0.03317114336823579, 0.032985655328957364, 0.03238625310768839, 0.033337888919049874, 0.03289805924578104, 0.032125529818586074, 0.03065364774374757, 0.03157112587359734, 0.03102219405991491, 0.03028026504034642, 0.03030988370301202, 0.031096621401957236, 0.02992043358972296, 0.02983470268372912, 0.030032419846975245, 0.03003436583094299, 0.030135376742691733, 0.028914226859342307, 0.030837389946100302, 0.029915613733464852, 0.02908289614424575, 0.02911724518344272, 0.027763868027250282, 0.03138614952331409, 0.03016037783527281, 0.027706068300176412, 0.02813324505405035, 0.028476702733314596, 0.027296882661175914, 0.02863551264454145, 0.026861836027819663, 0.02688086607668083, 0.027167983585968614, 0.027028059266740456, 0.026220757557894103, 0.02556523447856307, 0.02712591749150306, 0.027054266261984594, 0.025610771117499098, 0.02600389976578299, 0.027125545107992366, 0.026035401373519562, 0.02536425726430025, 0.024946573248598725, 0.02643426063877996, 0.024677506517036818, 0.024750874850724358, 0.024622991753858514, 0.025462905934546143, 0.024789813833194785, 0.02693109701795038, 0.024499458428181242, 0.024667958728969097, 0.02450142010638956, 0.024116446693369653, 0.02612464477715548, 0.02380351066676667, 0.023431730245647486, 0.023171320084657054, 0.024052049200690817, 0.024754247257078532, 0.02307602596556535, 0.024685065407538787, 0.023454341768228915, 0.023429769309586845, 0.02403314717230387, 0.022558765747817233, 0.022313258290523663, 0.02194932832935592, 0.022639554452325683, 0.02299856174067827, 0.0220285320901894, 0.022149432450532913, 0.022403379953175317, 0.021942779174423777, 0.02366222113778349, 0.02104125713231042, 0.02420704031101195, 0.02120761035621399, 0.021358942933147773, 0.021026134803832974, 0.022200603285455145, 0.02144639569451101, 0.021942695588222705, 0.021129825865500607, 0.021521251037484035, 0.020556567309540696, 0.021065567540063057, 0.02254940655984683, 0.020215225507854484, 0.02041714161168784, 0.02085070680914214, 0.019589436749811284, 0.019744569610338658, 0.020090297715796623, 0.019983872407465242, 0.019496758461173158, 0.020735400379635394, 0.01988375214568805, 0.020694106169685256, 0.019540321409294847, 0.020236327931343112, 0.019463686221570242, 0.01994977839785861, 0.022300124845060054, 0.0195234050261206, 0.018588565704703797, 0.020058091307873838, 0.018597318688989617, 0.02006577046267921, 0.01855142947169952, 0.019108685381070245, 0.01895089948811801, 0.018227139989903662, 0.018847701241611503, 0.01875811680656625, 0.018300508745596744, 0.017719894865876995, 0.018168036796851084, 0.018797646400344092, 0.017756465807906352, 0.019558537802367937, 0.017392168825608678, 0.019687844389409292, 0.017513233004137874, 0.017745143108186312, 0.017606551518838387, 0.018066213560814504, 0.01747698016697541, 0.017437019385397434, 0.02032362192403525, 0.017794135281292256, 0.018725949339568615, 0.017305928697169293, 0.018486984590708744, 0.017349334455502685, 0.01709514501999365, 0.016995781828882173, 0.016671547200530767, 0.016270626016194, 0.018388118369330186, 0.01698792252864223, 0.016711286749341525, 0.01811539370828541, 0.01996876534394687, 0.016072099329903722, 0.01649151948367944, 0.01624788538174471, 0.01626639590540435, 0.016036790373618715, 0.01705413675517775, 0.01614052174409153, 0.018648366691195406, 0.016612018109299242, 0.015253163081069943, 0.015462527822819538, 0.016627646655251738, 0.0162455460667843, 0.015870132170675788, 0.016073057522589806, 0.01551230367476819, 0.016632514183584135, 0.017345660529827, 0.01565965972986305, 0.01566203060792759, 0.015326914937759284, 0.015142106771236286, 0.017625358203076757, 0.01732092860765988, 0.015889479633187875, 0.017608967325941194, 0.016080432083981577, 0.014473165465460625, 0.015234378170134732, 0.01738140793167986, 0.014672660894575529, 0.015970083841239102, 0.014934466853446793, 0.015398478713905206, 0.014299495676823426, 0.015142635398660786, 0.014517800562316552, 0.014881131573929451, 0.015338912446168251, 0.014371980003488716, 0.01685630210340605, 0.014810149019467644, 0.017252639067010023, 0.01381485550882644, 0.013816945698636118, 0.015516909203142859, 0.015484437855775468, 0.014940174558432773, 0.014307709046988748, 0.014062856222153641, 0.013967755610792665, 0.014261206502851564, 0.013717072732106317, 0.013789085147436708, 0.015140597854042426, 0.013607945122203091, 0.014072663059778279, 0.013572712894529104, 0.013776888674328802, 0.01428682903497247, 0.013954502886917908, 0.013801242021145299, 0.01315893697028514, 0.013897316574002616, 0.012893110782897566, 0.0145554093978717, 0.014011504728841828, 0.014046888398297597, 0.013749242545600282, 0.013929014716268284, 0.012834160679631168, 0.013538396680814913, 0.012763201040797867, 0.012948853021953255, 0.012586005097546149, 0.014592962495953543, 0.01756247950834222, 0.012524943267635535, 0.01399407157805399, 0.013248952011053916, 0.012440291564416839, 0.013075255279545672, 0.013300515769515187, 0.014039715279068332, 0.015882180821790826, 0.012516359445726266, 0.012858352616603952, 0.013478366086928872, 0.012731977891235147, 0.014114310579316225, 0.012342351983534172, 0.012590497335622786, 0.012152078568760771, 0.012118106897105463, 0.01694779506578925, 0.012141846142185386, 0.01229435317509342, 0.012638885742489947, 0.012174025181593606, 0.013570531726145418, 0.01238697500230046, 0.011600193949561799, 0.01211580132076051, 0.011770546334446408, 0.012474104150896892, 0.01256742252735421, 