{"recall": 0.7808869333069659, "precision": 0.7905698854537618, "f1": 0.7820979393492826, "loss": [0.4761506209615618, 0.2736436065752059, 0.20398430235218257, 0.17205060902051628, 0.1503604887984693, 0.13493594428291544, 0.12453922885470092, 0.11624295933870599, 0.11029165697982535, 0.10559651511721313, 0.1012069204589352, 0.09882524725981057, 0.09440433228155598, 0.09412525896914303, 0.08989380404818803, 0.08800938376225531, 0.08619938546326011, 0.08578930178191513, 0.08359625103184953, 0.0821272463654168, 0.08066211827099323, 0.07878993690246716, 0.07776721130358055, 0.076429908600403, 0.07485605866531841, 0.0733306554320734, 0.07315701595507562, 0.07097604550654069, 0.07059497985756025, 0.06990610668435693, 0.06894631971954368, 0.06881213645101525, 0.06695893808500841, 0.06640838165185414, 0.06481790271936916, 0.06434698149678297, 0.06339238997315988, 0.06221221270971, 0.0626244995801244, 0.06077776991878636, 0.05992967510246672, 0.05893614303204231, 0.05884104230790399, 0.05825096112675965, 0.05745729710906744, 0.05652845761505887, 0.05566473471117206, 0.05498665917548351, 0.05711434007389471, 0.05336895605432801, 0.05363031374872662, 0.05266682067303918, 0.05272534504183568, 0.05221794836688787, 0.05155310480040498, 0.05121964693535119, 0.04983912417083047, 0.05048333472223021, 0.05008052248740569, 0.04860356677090749, 0.04802992567420006, 0.049250903219217435, 0.048959231411572546, 0.04804239785880782, 0.04637499648379162, 0.04560644493903965, 0.044807399332057685, 0.04518265346996486, 0.045620740740559995, 0.04461651755264029, 0.0441750954487361, 0.04379851705743931, 0.04271525907097384, 0.04240103528718464, 0.04200636444147676, 0.04145884173340164, 0.041834229399682954, 0.041296477284049615, 0.040314688318176195, 0.040301666769664735, 0.040011024408158846, 0.03892454813467339, 0.038659235477098264, 0.038477744863484986, 0.03852611574984621, 0.037896654874202795, 0.038347740250173956, 0.037284341698978096, 0.036806084332056344, 0.03649093089916278, 0.035605821933131665, 0.03591031512769405, 0.037671281228540465, 0.03627159931056667, 0.0359725490125129, 0.035956092353444546, 0.03460039850324392, 0.034500197536544874, 0.033510047345771454, 0.03373748513695318, 0.03555397386662662, 0.03315464875777252, 0.03347097136429511, 0.032397686096373945, 0.034101236538845114, 0.03181812791444827, 0.03399694991821889, 0.032339151701307856, 0.03208807049668394, 0.03279451160051394, 0.03163753754051868, 0.0315234664012678, 0.03132889169501141, 0.029874579195166007, 0.03116006868367549, 0.030595506526879035, 0.03076832217629999, 0.030825469628325664, 0.028961750416783616, 0.029977499565575272, 0.029162507809814997, 0.029701556981308386, 0.030478888409561478, 0.028486298659117892, 0.02934617709252052, 0.02852737225475721, 0.02949900011299178, 0.02790023628040217, 0.028714490690617822, 0.027138305216794834, 0.027285396048682742, 0.02760297509666998, 0.028447206001146697, 0.028509989606391173, 0.025889480850310065, 0.026451320911291987, 0.026567414781311527, 0.025767954197362997, 0.025585203649825417, 0.026346882397774607, 0.026796387537615374, 0.025085739951464348, 0.026655146961275022, 0.02652398381906096, 0.024577611256972887, 0.025812839725404046, 0.025934856792446226, 0.02401090966304764, 0.024649914099427406, 0.024824247317155823, 0.025403925188584253, 0.025521722171106376, 0.02500576720922254, 0.024750763215706684, 0.02472773738554679, 0.023646583169465885, 0.023962185718119144, 0.023030011252558324, 0.023443499761924613, 0.023532355422503315, 0.02378649722231785, 0.02389308525744127, 0.023739839758491144, 0.02237605088885175, 0.023999993776669726, 0.02310930547537282, 0.022234516101889312, 0.02248436398076592, 0.025115198593994137, 0.022025062738975976, 0.021713536698371172, 0.021218282825429924, 0.02202532402588986, 0.02155931589368265, 0.02317955414764583, 0.02152780708274804, 0.020698817395896185, 0.021793478743347805, 0.020747437731188256, 0.022725547401933, 0.021453326437040232, 0.02027878638182301, 0.020753300857904833, 0.02171617109706858, 0.02010285548021784, 0.021227091972832568, 0.021611603275232483, 0.020216730670654215, 0.021548777927819174, 0.020252395916031674, 0.01990503547131084, 0.019288548530312255, 0.020277060524676926, 0.02136562248779228, 0.019529536242771428, 0.019321088773722295, 0.020079882386198733, 0.019462548996671103, 0.019125992810586467, 0.02007932851847727, 0.020744502333400305, 0.018683235641219653, 0.018295387511898298, 0.01862434596841922, 0.018372057696979027, 0.018905777207692154, 0.022055559034924954, 0.0223118527646875, 0.018474704294931144, 0.019747780832403805, 0.018393667160125915, 0.01800761019694619, 0.01802627250435762, 0.018084918752720114, 0.01780135759327095, 0.01930504279152956, 0.017553363089973573, 0.017965227023523767, 0.0185701290902216, 0.017581854910531547, 0.018916656241344754, 0.01855844902456738, 0.017704837468045298, 0.0168827140078065, 0.017611888062674552, 0.01716271467739716, 0.017116824965341948, 0.01631694589741528, 0.017592407442862168, 0.017222613634658046, 0.018595712499518413, 0.016832029206852894, 0.01757917631039163, 0.02096779312705621, 0.018342752788157668, 0.016291989690216724, 0.01603026658995077, 0.017242660876945592, 0.016674023114319425, 0.01603880164475413, 0.015720225019322243, 0.01735923351952806, 0.015908001696516294, 0.018508530127292033, 0.01781677814142313, 0.016150659750564955, 0.01604732303530909, 0.015746582314022817, 0.017291960393777117, 0.01626965109608136, 0.015802409281604923, 0.015194198065728415, 0.01598382979136659, 0.017721037431329023, 0.01662176008539973, 0.01498106721919612, 0.017441695046727546, 0.015114250461920165, 0.01938959161634557, 0.015655458679248113, 0.015483652088732924, 0.015191515332844574, 0.014785300118091982, 0.01573974777420517, 0.014928493830666412, 0.014535908892867155, 0.0150050116571947, 0.0146806593547808, 0.014722693449584767, 0.014633335471444298, 0.015110277876374312, 0.014938415035430808, 0.014630550263973419, 0.01467732652236009, 0.014705886358569842, 0.015118718474695925, 0.015274518678779714, 0.014639007738878718, 0.014206588690285571, 0.015425073666847311, 0.017079468023439404, 0.015944414066325407, 0.01422632525645895, 0.014777593602048, 0.01346609927713871, 0.015633615526894573, 0.016452607887913473, 0.01421857973036822, 0.013641925106639974, 0.013414304485195316, 0.013294364915054757, 0.014189347850333434, 0.014509426095173694, 0.013272781812702306, 0.014985599387728143, 0.013788815351290395, 0.013482417751220055, 0.013645756924233865, 0.013177724489651155, 0.014338870634674095, 0.01318118615745334, 0.012908969340060139, 0.013039525692875031, 0.01366747911379207, 0.014163467443722766, 0.012985542354726931, 0.0152256028377451, 0.013067380976281129, 0.013006746226892574, 0.014212977373972535, 0.012910220175399445, 0.012952017226780299, 0.012828688446461456, 0.012910908328194637, 0.012631029789190507, 0.013623220143927028, 0.012666835387790343, 0.013223852554801852, 0.012576189626997802, 0.011908570242667338, 0.015513056860072538, 0.012321028749283869, 0.014418168873817194, 0.012074130889232038, 0.013284970558743225, 0.012279002177820075, 0.013458736000757199, 0.012519136522314511, 0.011980890471022576, 0.011869335816300008, 0.01227929984088405, 0.012171160658908775, 0.012160607300756965, 0.011684239383612294, 0.01177069719778956, 0.011710967763065128, 0.013366104827582603, 0.012333239130384754, 0.012446824865037343, 0.01229075129958801, 0.012072474710294046, 0.014359660919581074, 0.011514320700371172, 0.011740269696019823, 0.011658088678814238, 0.012555878412968013, 0.011594989839068148, 0.01468100030979258, 0.011045534203731222, 0.011168915567395743, 0.013031087277340703, 0.011606781459704507, 0.011412374526116764, 0.01256320480024442, 0.010897124986513518, 0.012554677665320924, 0.011169145745952846, 0.010829035858478164, 0.011327874879498268, 0.010794884172355523, 0.010856502096430631, 0.010776555696793366, 0.011270868442807114, 0.011171528407430742, 0.010972645843139617, 0.011116010431578616, 0.012457235043257242, 