{"recall": 0.7236691644554496, "precision": 0.7566629636730553, "f1": 0.7301750175476617, "loss_list": [0.47828084556385875, 0.2866243787109852, 0.216973992716521, 0.18371706584002823, 0.1620534175541252, 0.14600662052398547, 0.13456638559000567, 0.12587835390586405, 0.11968860268825665, 0.11338297387119382, 0.10852309158071875, 0.10477314440067857, 0.10089084766805172, 0.09849690695991739, 0.09527609717333689, 0.0923335253726691, 0.0897464403999038, 0.08799288262380286, 0.08569039732101373, 0.08362953508622013, 0.08192939915461465, 0.08020362701499835, 0.07887702262378297, 0.07672190409502946, 0.07505176860140636, 0.07358231914113275, 0.07247661194996909, 0.07062314068898559, 0.06937724153394811, 0.06847534053958952, 0.06725967671372927, 0.06604921535472386, 0.06490804604254663, 0.0640620069403667, 0.0628483165113721, 0.06243510488420725, 0.06062614899710752, 0.060123256471706556, 0.05930359933990985, 0.0580710019741673, 0.057267631590366366, 0.055997580458642914, 0.056325904343975705, 0.05513062187237665, 0.05417799761053175, 0.053697893797652795, 0.05254430960630998, 0.05198829011642374, 0.05243425264488906, 0.050221629190491515, 0.04988160579814575, 0.04929364892304875, 0.04904833003820386, 0.0482522578764474, 0.04784721530159004, 0.04735707455547526, 0.046492648840649055, 0.045824673789320515, 0.04526325517217629, 0.04472723217913881, 0.04428595131903421, 0.04450839595810976, 0.04368209590611514, 0.042991065257228914, 0.0425373811769532, 0.0418188909010496, 0.0411249866388971, 0.04171849539561663, 0.04086919972905889, 0.04066881442558952, 0.039490508401650005, 0.039543863720609806, 0.039083547351765446, 0.03806737985578366, 0.0384948324150173, 0.03795698080502916, 0.03783996436395683, 0.03713160738698207, 0.036789442753070035, 0.03646897971630096, 0.03633453091024421, 0.035573418679996395, 0.034915235856897195, 0.03490083494689315, 0.034417875393410215, 0.034359283116646114, 0.034305686660809444, 0.033950539625948295, 0.03359921036753803, 0.03296965117624495, 0.032719115560757926, 0.032563917365041564, 0.03277063179994002, 0.031818155068322085, 0.03167301967041567, 0.031760308588854966, 0.030978494815644807, 0.031210121777257883, 0.03158717594924383, 0.03029088293260429, 0.029959699168102816, 0.030056929058628157, 0.0299080862198025, 0.029802007311081978, 0.030084769483073613, 0.028634162672096862, 0.029491327100549823, 0.028900026183691807, 0.028116252992185765, 0.028274777258047834, 0.027891753838048317, 0.027542147757776546, 0.027603936244850046, 0.027843031473457812, 0.02712014885037206, 0.026833305644686334, 0.02696554841240868, 0.027318825176917017, 0.026045053772395476, 0.026745454492629505, 0.02610599742474733, 0.02590432208380662, 0.025497262702265287, 0.02606041571998503, 0.0251548410509713, 0.025072130473563447, 0.025033910226193258, 0.02455376645666547, 0.02477827105176402, 0.024741914495825766, 0.023995771634508854, 0.02462974825175479, 0.024461989186238497, 0.02396377821423812, 0.02350044388731476, 0.023212946971761995, 0.02332072736462578, 0.022822972912399563, 0.02270303097611759, 0.023786246390955057, 0.022939831235271414, 0.022699421471043025, 0.023013448763231283, 0.022727073240093886, 0.02178420859418111, 0.022708326240535825, 0.022105948903481477, 0.021281217348587234, 0.022407442388066558, 0.021164411796780767, 0.021088072846760043, 0.021670173032907768, 0.021292062457359862, 0.02164112801401643, 0.02109334989945637, 0.020964548822666983, 0.020436095040349756, 0.020259548677131534, 0.02019917372526834, 0.02073985049064504, 0.020929315386456437, 0.019748326820263173, 0.019858766229299364, 0.019596052731503732, 0.019735150260385127, 0.019353837700327857, 0.020093037518381606, 0.01909997532493435, 0.019414222915656865, 0.019513224723050372, 0.01896488910279004, 0.01902708782290574, 0.018589468956633937, 0.01850307637650985, 0.019474710628855973, 0.018911620351718738, 0.0195313412201358, 0.01834800778888166, 0.017934951683855616, 0.017626251028559636, 0.017862050724215806, 0.018596561523736455, 0.018932719419535716, 0.01765248681040248, 0.017384049252723344, 0.017197985455277377, 0.017562936877948233, 0.017489518906222655, 0.01767621260660235, 0.017293606016028206, 0.016841353752533907, 0.01769045918044867, 0.01678941568097798, 0.0169190145941684, 0.016550535976421088, 0.016515861398511335, 0.0165547080381657, 0.01675357915373752, 0.017208988557831616, 0.016918565373634918, 0.01640078601485584, 0.015944076660525754, 0.015896674766554496, 0.015764746064087377, 0.01606215764841181, 0.016264470003079623, 0.016022229110240004, 0.016294835082953797, 0.015972405211505246, 0.01583569682552479, 0.016048665768175853, 0.01527361250919057, 0.016350242232874734, 0.015179702706518583, 0.015229712131258566, 0.01545257168399985, 0.01558913578192005, 0.015746932899492094, 0.015488648663449567, 0.01503540266494383, 0.015265773519058713, 0.014712382944708224, 0.014800787043350283, 0.014290748313942458, 0.01426401697244728, 0.014741410581336822, 0.01417801479328773, 0.014191142150957603, 0.01454967039389885, 0.01564138145549805, 0.014512351911980659, 0.013796016363630769, 0.014424839564890135, 0.015092893966357223, 0.014403976943140152, 0.014142377142707118, 0.013617802949738689, 0.013980080879991873, 0.013195998129231157, 0.01326454751615529, 0.01358667316744686, 0.01391377729960368, 0.013395638440852054, 0.013884675946610515, 0.01307786823163042, 0.013136323199432809, 0.015049311264010611, 0.014436459366697818, 0.013452005763247144, 0.013935958241199841, 0.01363199326369795, 0.013083500246284529, 0.012782662218523911, 0.01249639830130036, 0.013355431422678522, 0.012654188254964538, 0.012927961637615226, 0.012399513231503078, 0.01425504053622717, 0.012708524596382631, 0.013001899329537991, 0.012445976020535455, 0.012609390362922569, 0.01241949376926641, 0.012506120125908637, 0.01224740023026243, 0.012047592367889593, 0.012567388881143416, 0.012465170303767082, 0.012291990478843218, 0.012395380983798531, 0.0122691452736035, 0.012791150261909934, 0.012246685495483689, 0.012330982551793568, 0.011871938011609018, 0.012044811918167397, 0.01193006619650987, 0.012334073239617282, 0.011933040907024406, 0.012221507962385659, 0.01255222496110946, 0.011513482112059137, 0.011684220400638878, 0.011647652686951915, 0.011888866977096768, 0.01285410761629464, 0.01150819576214417, 0.011005899164592848, 0.01098958196453168, 0.011417050787713379, 0.011795636121678398, 0.011211553554312558, 0.010915483882126865, 0.011403371156484354, 0.011194523274025415, 0.011221347148239146, 0.011208637817617273, 0.011743404828303028, 0.011307106085587293, 0.010808721968351165, 0.011309874874132219, 0.010997916819906094, 0.010467680521105648, 0.01109071380997193, 0.010568550600874005, 0.011109282284451183, 0.010736792874376988, 0.011074795747117606, 0.010850445843243506, 0.011988718176871771, 0.011563308769109427, 0.011067119264043867, 0.011167119444144192, 0.010510419200727483, 0.011001285532256589, 0.010262862432864495, 0.010994821652275277, 0.009898280533525395, 0.009761590946436628, 0.010793265987013, 0.010008974842639873, 0.010829896468567312, 0.009809625583875459, 0.010286495833861408, 0.010238012111949501, 0.011442919464752777, 0.010055085350904847, 0.010070544016343774, 0.010415755780923065, 0.009885412761650513, 0.010156266231206246, 0.009949040208448423, 0.013162750172341475, 0.009516117953171487, 0.00977484973227547, 0.011357279380172258, 0.010351251768588554, 0.009640176460379735, 0.010379017883678898, 0.009919071434705985, 0.009608199080685154, 0.010516907065175473, 0.009143784944171784, 0.009994463811744935, 0.010601494116417597, 0.009519789267505985, 0.009778818544509705, 0.00917905759997666, 0.009512888445169666, 0.009565554638174944, 0.00976844008473563, 0.009774106559780194, 0.009673266944810166, 0.009079678110720125, 0.01118893142484012, 0.00886641853940091, 0.010404044463939499, 0.009181579963478726, 0.009064792447679793, 0.008897809295740444, 0.009079712310267496, 0.008865365856763674, 0.009210113101289608, 0.008994194484330365, 0.009935494045203086, 