{"recall": 0.7087556236713304, "precision": 0.7494647563155203, "f1": 0.7158001142211163, "loss": [0.47816312429495156, 0.28477774397470057, 0.2171628954820335, 0.18397090665530413, 0.16232648643199354, 0.14658461028011516, 0.13563114538555965, 0.12603733112337068, 0.11918381252326071, 0.11393327714176849, 0.10868665506131947, 0.10452455427730456, 0.10081886767875403, 0.09808654041262344, 0.0948778071324341, 0.0908903194940649, 0.08905163599411026, 0.08623293437995017, 0.08492233901051804, 0.08177552872803062, 0.08079195249592885, 0.07904607546515763, 0.07702843580045737, 0.07518536239513196, 0.07379520198446698, 0.07276210229611024, 0.07155527893337421, 0.06937971169827506, 0.06866403427557088, 0.06685949719394557, 0.06589325267123058, 0.06462556699989364, 0.06423974432982504, 0.06272436818107963, 0.06148389371810481, 0.06101786362705752, 0.05958461170666851, 0.06112258444773033, 0.058158663829090074, 0.05723146451055072, 0.05621671030530706, 0.05564433027757332, 0.0552738927945029, 0.053843556641368195, 0.053232960402965546, 0.05239754045032896, 0.0525963494728785, 0.05202403338626027, 0.051800988003378734, 0.04934663846506737, 0.04937259797588922, 0.04917603972717188, 0.04743138886988163, 0.04799140815157443, 0.04929562032339163, 0.04750581184634939, 0.04558035414083861, 0.0456276053446345, 0.04441727988887578, 0.04550457117147744, 0.04323285142891109, 0.043857750977622345, 0.04355164663866162, 0.04281922144582495, 0.04198897485912312, 0.042955896438797936, 0.040998254204168916, 0.040947279645479284, 0.040211619780166075, 0.04053340123209637, 0.03881287183321547, 0.03896476118825376, 0.03895333895343356, 0.03803481343493331, 0.03801524742448237, 0.0392134164867457, 0.03763118556526024, 0.03628085476520937, 0.03615173193975352, 0.036295287165557966, 0.035876110356184654, 0.03612252055609133, 0.034980493306647986, 0.0353046356322011, 0.03434783610282466, 0.034902884013717994, 0.034853311750339344, 0.033915267398697324, 0.0327791615127353, 0.0331544751097681, 0.033599754475289956, 0.03231949970358983, 0.032308875233866274, 0.03193851733522024, 0.031092177698155865, 0.032118109476868995, 0.030941893171984702, 0.032135406028828584, 0.029989425471285358, 0.029888200195273384, 0.029739773890469223, 0.03021782911673654, 0.02993359362881165, 0.031491261353949085, 0.02948263996222522, 0.02793545938038733, 0.030129024482448585, 0.028711716280668043, 0.02785366262833122, 0.028299019468249753, 0.027260646456852555, 0.026916678340057842, 0.027655377474729903, 0.028864852632978, 0.026846063512493856, 0.026081541858729906, 0.02714813999045873, 0.028211954893777147, 0.026686833662097342, 0.025580101544619538, 0.026334846988902427, 0.025893439058563672, 0.025606282462831587, 0.025306109986559022, 0.02631621040200116, 0.024795815275865607, 0.025295325845945626, 0.024447225034236908, 0.02513558759528678, 0.02408055319392588, 0.024244208398158662, 0.024616486502054613, 0.024563716928241774, 0.022748288611182943, 0.023437947442289442, 0.02337066994368797, 0.02345873822196154, 0.02342338428570656, 0.0233681494864868, 0.022819545680249576, 0.023532078332209494, 0.024140417561284266, 0.024815539676637854, 0.022593614281504415, 0.02173382397450041, 0.02307928637310397, 0.021269970740831923, 0.0216702353573055, 0.021144084334082436, 0.02102392728556879, 0.021439409836602863, 0.020400586574396584, 0.021928368711087387, 0.02174203753384063, 0.021305617709003855, 0.022554270472028293, 0.020455858088098466, 0.02033182835293701, 0.020089911929972004, 0.02093468784732977, 0.019986961655376945, 0.019495304630254395, 0.019789645870332606, 0.020464339198952075, 0.020128334013861604, 0.019297177415865008, 0.019772130915953312, 0.018859085481381044, 0.01977470402198378, 0.01890819823165657, 0.018675245890335646, 0.01909884517226601, 0.01883205103513319, 0.018141926790121943, 0.01951683310471708, 0.018368146462307777, 0.019677967371535487, 0.020609156737918966, 0.01776752548175864, 0.01797809302661335, 0.01863115609739907, 0.019806046439043712, 0.020711039069283288, 0.01740309555316344, 0.017283189947193023, 0.017110390472225845, 0.017191084240039345, 0.017491181395598687, 0.01932648017827887, 0.016631975224299822, 0.0171054487946094, 0.017423944984329864, 0.01671030336729018, 0.016121922846650705, 0.01683640964620281, 0.01668912046807236, 0.016677678046107758, 0.016509990724443924, 0.0179100636014482, 0.016259949123195838, 0.015977248884155415, 0.015646044186723884, 0.01572406691411743, 0.016419624887930695, 0.015342464652349008, 0.01678002112021204, 0.016556017064431217, 0.015743723743071314, 0.017589983115612995, 0.016226626707066316, 0.016426353307906538, 0.015136360532778781, 0.018686579438508488, 0.01463023050018819, 0.015231803088681772, 0.016981705844955286, 0.016456659956020303, 0.015568274378892966, 0.014425615903746802, 0.015911466965917498, 0.014250580199586693, 0.014998632970673498, 0.016186902146728244, 0.0151142739559873, 0.01400056311103981, 0.014507697029330302, 0.014112571690930054, 0.014591993814974558, 0.014106476133747492, 0.014970315431128256, 0.014271483072661795, 0.014287093665188877, 0.016292617608996807, 0.013681806245585904, 0.014616898610256612, 0.01660517952768714, 0.014139004466414917, 0.01380987271113554, 0.012902651382319164, 0.014027452092705062, 0.013623161397845251, 0.012906488776934566, 0.013295641296281246, 0.013682125485502183, 0.012868258065282134, 0.012758877554006176, 0.013655612528964411, 0.017927324974152725, 0.013307323250046466, 0.015888666828686837, 0.013483559741871431, 0.014967031856940594, 0.012540049414383247, 0.012863895266491454, 0.012733416730043245, 0.012589589605340734, 0.012499346550612245, 0.012375723414152162, 0.015022197610960575, 0.011876450022100471, 0.012412904477969278, 0.012263838510989444, 0.01320250559001579, 0.013143956424755743, 0.012164643500000238, 0.012704955755907577, 0.01185116092528915, 0.012166744876594748, 0.012270024759345688, 0.013426343557512155, 0.013626844793179771, 0.013151885053957812, 0.011523034008860122, 0.013110178162605735, 0.012557417740026722, 0.012155539854575181, 0.012669089705013903, 0.011692076353938319, 0.013853425276465714, 0.01230030951774097, 0.011949399300647201, 0.014046827782294713, 0.010723573468567338, 0.011239184972509975, 0.011689649109030142, 0.012707787849649321, 0.01121791879995726, 0.011641829030850204, 0.010709265483455965, 0.011696436875354266, 0.011162911843712209, 0.014418959861359326, 0.010492230132513214, 0.010787642160721589, 0.010911720259173308, 0.010597133401461178, 0.010762897785753012, 0.011340545213897713, 0.01487030008865986, 0.011787466723035323, 0.011092028311395552, 0.010488915388123132, 0.01069739032391226, 0.010203792284301016, 0.011344469468895113, 0.010479896383913001, 0.010383086551883025, 0.01093929303533514, 0.0116081806118018, 0.011133098138088826, 0.010223409994068788, 0.010469061173353111, 0.010870293979678536, 0.012935185666719917, 0.010255984390823869, 0.010473902220837772, 0.011009961170202587, 0.012656603885261575, 0.009905415721732425, 0.009547990546707297, 0.010813156550284475, 0.010552735308010597, 0.009753670212376164, 0.010632639136019861, 0.00969462305874913, 0.010489317453902913, 0.01215719561514561, 0.009954916808055714, 0.00966630715993233, 0.009810292331167147, 0.010340460521547357, 0.009506561989837792, 0.010309711429727031, 0.02287496774442843, 0.009684589407697786, 0.009233029677488958, 0.009385018380271504, 0.00912780422004289, 0.00920398746166029, 0.009020654011692386, 0.011826256577478489, 0.00892071000271244, 0.009892520123685244, 0.009153763610811438, 0.009554140731779626, 0.009232399970642291, 0.009681792213086737, 0.00935448526070104, 0.009922948596795322, 0.008978106387075968, 0.009157777130894829, 0.008888622764061438, 0.010065280177514069, 0.009943984761775937, 0.009191415134409908, 0.010991298524459125, 0.008977405799669214, 0.00988026335471659, 0.009305860221502371, 0.009848921701632207, 0.009077871462068288, 0.009187863615807146, 0.009646555245126365, 0.008866661526553798, 0.00921316977837705, 0.009585370647982927, 