{"recall": 0.7388144559252484, "precision": 0.7514177909838885, "f1": 0.7419898915080234, "loss": [0.4789028982631862, 0.28026362508535385, 0.2122404455440119, 0.1804298465140164, 0.16048349312040955, 0.14463130169315264, 0.13450549478875473, 0.12605773896211758, 0.12084291473729536, 0.11396221083123237, 0.10926929663401097, 0.10517211520345882, 0.10132183856330812, 0.09990961640141904, 0.09715277014765888, 0.09333980042720214, 0.09099096612771973, 0.08885136572644114, 0.08658303768606856, 0.08459425982437097, 0.08256163154146634, 0.0807679383433424, 0.08141061459900811, 0.07686978040146641, 0.0757866729691159, 0.07362592077697627, 0.07247803750215098, 0.07096912531415, 0.06922033044975251, 0.06955185713013634, 0.06765565229579806, 0.06661617412464693, 0.0647742252331227, 0.06392613326897845, 0.06270156739628874, 0.06282657242263667, 0.06060087739024311, 0.05891973024699837, 0.059324988949811086, 0.05780874291667715, 0.05813799865427427, 0.05604801615118049, 0.0568132245389279, 0.05456452982616611, 0.05420157217304222, 0.05380714274360798, 0.05231390128028579, 0.05123640040983446, 0.05252695892704651, 0.050029945123242214, 0.050043301191180944, 0.049588239926379174, 0.04900025519600604, 0.047240238171070814, 0.047091834945604205, 0.046087332360912114, 0.04784950221073814, 0.04461546798120253, 0.04396456107497215, 0.04378504032501951, 0.04414083738811314, 0.044208128208993, 0.0428602532192599, 0.041806627545156516, 0.04208653271780349, 0.04032587321125902, 0.041336128691909835, 0.04253545755636878, 0.03915297269122675, 0.039576489114551805, 0.03894722115364857, 0.04014712537173182, 0.03802927120705135, 0.03717240341939032, 0.03817099507432431, 0.03697655825817492, 0.036156970396405086, 0.03657893545459956, 0.03603995077719446, 0.03519596021214966, 0.036412864370504394, 0.035023113392526284, 0.03384834087046329, 0.03409103804733604, 0.033210270339623094, 0.03285764499742072, 0.03376542072510347, 0.03408912157465238, 0.03411222079012077, 0.03303884601336904, 0.03233644421561621, 0.03168886351340916, 0.031553362554404885, 0.03075692313723266, 0.030492612117086537, 0.030833117765723728, 0.029972627467941493, 0.030212181649403647, 0.030368698280653916, 0.02977004009881057, 0.029038246066193096, 0.030608464672695845, 0.02895578338939231, 0.029909090808359906, 0.028320740631897934, 0.028910716850077733, 0.03007715589774307, 0.02873663351056166, 0.02827993808023166, 0.027214188026846386, 0.02735726602259092, 0.026495867161429487, 0.026793821845785715, 0.027071360062109306, 0.026457584172021598, 0.02649911437765695, 0.026585415907902643, 0.025730500536155887, 0.025353669218020514, 0.02713219591532834, 0.02517719127354212, 0.02499979513231665, 0.024406279822869692, 0.02817253439570777, 0.02409790402452927, 0.02449318052822491, 0.024427301686955616, 0.02380202288622968, 0.02594575670082122, 0.023794626184098888, 0.023285228620807175, 0.0244469128374476, 0.024471434560837224, 0.0234007940889569, 0.02250353022100171, 0.022514034993946552, 0.022153498059196863, 0.02215021100710146, 0.021894404737395234, 0.022554050286998972, 0.02221491473756032, 0.021948505571344867, 0.022415156359784305, 0.021223027470114175, 0.022685461466608103, 0.02078974780306453, 0.021421598248707596, 0.021035486490291078, 0.021523520423215814, 0.021011817938415334, 0.020316065281804185, 0.021685157851607073, 0.02020022201759275, 0.02190114852419356, 0.01940714658849174, 0.020225344531354494, 0.01950582079734886, 0.019651019109005574, 0.01943394250702113, 0.019927618966903538, 0.02110172013635747, 0.01971965095435735, 0.019114701230137143, 0.01915313131030416, 0.018612019084685016, 0.018726767018961255, 0.018309113416762557, 0.01940112541342387, 0.018447574409947265, 0.018521206424338743, 0.018542785444878973, 0.01824932620365871, 0.01916301243181806, 0.01819176944263745, 0.018565398262580857, 0.019445230362180155, 0.018230029316328, 0.017749315695255063, 0.01773477862298023, 0.01681291966815479, 0.017115675240347628, 0.018413639219943434, 0.017062705257558264, 0.017474788823165, 0.017124148478615098, 0.01673138065234525, 0.016638048109598458, 0.016458665326354094, 0.016656285493809264, 0.017009865376167, 0.016926520809647627, 0.01706497633131221, 0.017574689649336506, 0.01636375262751244, 0.01584748960158322, 0.015937065829348285, 0.016056286855018698, 0.017524815644719638, 0.015432726773724426, 0.016631113066978287, 0.017045476408384275, 0.015340078105509747, 0.016238326075836085, 0.015054964052978903, 0.015437587499036454, 0.016826302991830744, 0.015188936275080778, 0.01450274223316228, 0.01598496377118863, 0.014809591382800136, 0.015226461342535913, 0.014936344581656158, 0.015335304145992268, 0.014934629405615851, 0.01576813723659143, 0.015195869113085791, 0.016639664478134364, 0.01383483409153996, 0.015570786825264804, 0.014904662340995856, 0.015162258026975906, 0.013748821944318479, 0.013878719648346305, 0.013774706356343813, 0.013852003852662165, 0.014301220879133325, 0.013984619847178692, 0.013553630451497156, 0.014919403147359844, 0.014846413894701982, 0.014385427741217427, 0.01325483725668164, 0.013252005683170864, 0.017210559748491505, 0.013213051865022862, 0.013481919871992432, 0.013819092535413802, 0.012658272367843892, 0.012661649190704338, 0.013058874028502032, 0.013478915392624913, 0.012999741255043773, 0.013628562319354387, 0.013588405163318384, 0.01248007559479447, 0.012880601119832136, 0.01274098536305246, 0.015271103176928591, 0.013674916961463168, 0.012585182041220833, 0.01576661312719807, 0.012770318389812019, 0.011969647603109479, 0.011955654856137699, 0.012409273069351912, 0.012857436660851818, 0.013014871376071824, 0.011804630088590784, 0.01207686097768601, 0.012820582393032964, 0.012167946366389515, 0.012568400816235226, 0.012351963323453674, 0.011829870247311192, 0.013393872046435717, 0.011965974226768594, 0.01140361429497716, 0.012953469133208273, 0.01214194143540226, 0.011516814771312056, 0.011581921120523475, 0.012775364437402459, 0.013613975432235748, 0.01138684067336726, 0.012248871789779514, 0.01192807392362738, 0.010877758661081316, 0.011705241962772561, 0.011364003246853827, 0.011086185648309765, 0.011269446647929726, 0.012940220440214034, 0.012538740174932173, 0.011341958979755873, 0.011107095837360248, 0.01103635634717648, 0.011993823907687329, 0.01070105444159708, 0.01107541669625789, 0.010593944854917936, 0.011175661700690398, 0.01087830258984468, 0.011048460153688211, 0.011322550337354187, 0.010409282269392861, 0.011267118738032877, 0.010810198491526535, 0.012768603199219797, 0.010343448593630455, 0.010880619185627438, 0.010161544607399264, 0.01074673767288914, 0.010193728627200471, 0.010156593063584296, 0.01197443662385922, 0.01008733546041185, 0.010716830020101042, 0.010206351504166378, 0.010857984958420275, 0.010236706846626475, 0.017708803643472493, 0.013311568254721351, 0.01136625065919361, 0.009886745716357836, 0.009930492320563644, 0.009888836983009242, 0.00960164792559226, 0.009673340333392844, 0.010044378439488355, 0.009529873575957026, 0.009826508845435455, 0.009979624624975258, 0.010261761683068471, 0.009207724509906257, 0.009439285269763786, 0.010866872653423343, 0.01080160080891801, 0.009987179972085869, 0.009808455051825149, 0.010048924639704637, 0.009665344048698898, 0.01205773715628311, 0.009938919160049409, 0.011950436353799887, 0.008727922635443974, 0.010101297091750894, 0.009001238300697878, 0.009674870114395162, 0.009252591145923361, 0.009479508396907477, 0.008879508564859862, 0.01082842624236946, 0.012354438444162952, 0.008703891453478718, 0.010451437679876108, 0.009174584178254008, 0.008988686735392548, 0.008884200069587678, 0.008722377042431617, 0.00989230656705331, 0.009949317187420093, 0.011696850389853353, 0.01007219768507639, 0.008617035306087928, 0.009067289069207618, 0.010280535690981196, 0.008670915933180368, 0.008839204998366768, 0.00858464964403538, 0.008291012411064003, 0.008576228883612202, 0.008697866742295446, 0.008753839902055915, 0.008688534104294376, 0.009525363886496052, 0.011085614230978535, 