{"recall": 0.7013397933455282, "precision": 0.7449800604230146, "f1": 0.7095055925390911, "loss": [0.4773274271283299, 0.2811430044239387, 0.2129943809704855, 0.1803154747467488, 0.157701057032682, 0.14167194155743346, 0.13013409392442554, 0.12157478625886142, 0.11433664202922955, 0.1092170249321498, 0.10417320253327489, 0.10084931610617787, 0.0962831630022265, 0.0954563791747205, 0.09078295453218743, 0.08846850605914369, 0.08605879434617236, 0.08501204254571348, 0.08251890281098895, 0.08114935213234276, 0.07945000581094064, 0.07751050047227181, 0.07563725666841492, 0.07506224242388271, 0.07323220543912612, 0.07074828716577031, 0.07036187729681842, 0.06831110673374496, 0.06767944135935977, 0.06648516893619671, 0.06544491750537418, 0.06559059096616693, 0.06336947652744129, 0.06283532487577759, 0.061280217982130125, 0.060504696652060375, 0.059439683507662266, 0.05842325312551111, 0.05847076867939904, 0.05656486819498241, 0.05604162145755254, 0.05455634568352252, 0.05454035889124498, 0.0537650863698218, 0.05278968933271244, 0.05242020924924873, 0.0510677631245926, 0.05051133580855094, 0.051930864225141704, 0.04873260739259422, 0.04851365491049364, 0.04778644145699218, 0.047375793947139755, 0.048151601091376506, 0.04615085053956136, 0.04596826003398746, 0.04477649464388378, 0.045100670686224476, 0.04479244237882085, 0.04359462665161118, 0.04266927656135522, 0.0441118607413955, 0.04425026525859721, 0.04140629213361535, 0.041316424947581254, 0.040791536594042554, 0.0396654428623151, 0.03989392754738219, 0.04206303338287398, 0.039501717139501125, 0.03824839924345724, 0.038642134866677225, 0.037484891145140864, 0.03733777685556561, 0.03648587023781147, 0.03639750077854842, 0.03676912159426138, 0.036039636775967665, 0.03520136831502896, 0.03538166430371348, 0.035115467515424825, 0.03422414664237294, 0.03392956030438654, 0.03350500341912266, 0.03271694171417039, 0.03290542068134528, 0.0325335750967497, 0.03297238011145964, 0.031796044640941545, 0.0315825655561639, 0.030813718505669385, 0.03081298766483087, 0.032746681885328144, 0.030906300802598707, 0.032133678876562044, 0.031037890585139394, 0.029275052118464373, 0.029659477848326787, 0.02881827221426647, 0.028810769770643674, 0.02995058347005397, 0.028472825288190506, 0.028290609872783534, 0.02748661379882833, 0.028937538198078983, 0.027177492636837997, 0.02811112809285987, 0.02792895375750959, 0.026711519123637117, 0.027667691640090197, 0.02656772854970768, 0.027374781151593197, 0.026401097129564732, 0.025041892513399944, 0.026593382528517395, 0.025801406649407, 0.02530505605682265, 0.02673720875463914, 0.024438326763629448, 0.025962721381802112, 0.024504752109351102, 0.025035474987816997, 0.025942456690245308, 0.023525574470113497, 0.024019809687160887, 0.024404543095442932, 0.023834393796278164, 0.02291823890118394, 0.02305816818261519, 0.02326900132902665, 0.022767547867260873, 0.022616134861891624, 0.023007099989627022, 0.024814567434077617, 0.02130060662602773, 0.021737662980740424, 0.021643169253366068, 0.021201866074989084, 0.021511081045900937, 0.02155990466417279, 0.021773932756332215, 0.020504355074081104, 0.021191155814449303, 0.023015790851786733, 0.020200928665872198, 0.021950198264676146, 0.022667185476166196, 0.019551275225239806, 0.01999913205509074, 0.019591102245613, 0.02009314718452515, 0.02352878070087172, 0.020532669928797986, 0.019864571120706387, 0.021485018216480967, 0.019883091415977105, 0.019203830168407876, 0.01825409641605802, 0.019388447602977976, 0.018596543857711367, 0.018461387080606073, 0.018759875209070742, 0.01996141630661441, 0.018472612064215355, 0.018438714047078975, 0.018882970718550496, 0.018541605946666095, 0.01762203740508994, 0.020346027697087266, 0.017316189820121508, 0.0181969853292685, 0.017401527875335887, 0.017343290957796853, 0.01667829221696593, 0.0207701913168421, 0.016991285512631293, 0.016794509188912343, 0.016626296477625147, 0.016597996283962857, 0.01676541112101404, 0.016950211123912595, 0.016114458616357297, 0.017054429365089163, 0.01689238292601658, 0.016555006128328387, 0.016982219727651682, 0.017805602816224564, 0.01597759783908259, 0.017693178757326677, 0.015666540995880496, 0.015528864052612334, 0.017510258876427542, 0.015788360986334737, 0.016205676751269493, 0.015359014658315573, 0.015194105500995647, 0.015641263853467535, 0.015319867932703346, 0.01581538177197217, 0.01641124175512232, 0.015152845793636516, 0.015048066703457152, 0.014321528586151544, 0.014343728602398187, 0.014507661187963095, 0.015384382742922753, 0.01612035529979039, 0.017379473414621316, 0.014320637190394336, 0.01641883296542801, 0.013578715748735704, 0.014406370304641314, 0.013918893866502913, 0.014507667328871321, 0.013561783242039382, 0.013776825937384274, 0.013254203178803436, 0.014343526334414491, 0.01493858358298894, 0.013472062822984299, 0.013975483856484061, 0.014805152899498353, 0.013576775898400228, 0.012904930328659248, 0.014127250316960271, 0.013358524454815779, 0.01344007185252849, 0.012565678531245794, 0.014283792123023886, 0.013529446900065523, 0.014984754438046366, 0.012585421372932615, 0.012944357109518023, 0.016268095474515576, 0.014740837516001193, 0.012174963863799348, 0.012418712074577343, 0.013760079506027978, 0.012836946967581753, 0.012035604879201856, 0.012266568268387346, 0.012193782709800871, 0.012041018544550752, 0.01322071102913469, 0.013020250411500456, 0.012412624364515068, 0.012699873852398014, 0.011990198079729453, 0.0136778184423747, 0.011563967273104936, 0.011828409486042801, 0.011529086834343616, 0.012070724395016441, 0.011478116666694405, 0.015567632577585755, 0.011291840357444016, 0.012219565873238025, 0.011062482280976838, 0.016403738911321852, 0.012249736380908871, 0.010899737309955526, 0.011669737039483152, 0.011532549793628277, 0.011797795370512176, 0.011612139638600638, 0.01088261104086996, 0.011401530049624853, 0.011258971979259513, 0.011081840628321515, 0.011326017480314476, 0.011776332310546422, 0.010845845150470268, 0.01101583623312763, 0.011013489256583853, 0.011223008044908056, 0.011040093286283081, 0.01199740711672348, 0.010330661523767048, 0.01031117899765377, 0.012652281773625873, 0.01360018672858132, 0.011110849052784033, 0.010865891908906633, 0.011215565136808436, 0.0101023942224856, 0.01228261059804936, 0.014354174443724332, 0.009967296329705277, 0.009838536283496069, 0.009845982127444586, 0.009796606816962594, 0.01092162439817912, 0.011071715904108714, 0.010120863680640468, 0.010489432439499069, 0.010482583427801728, 0.010290557424013969, 0.010206887349340832, 0.010541763935179915, 0.010930763281066902, 0.009845313528785482, 0.01086476402633707, 0.010723130257247249, 0.00969537419223343, 0.010225186037132517, 0.009426959255506517, 0.011829009556095116, 0.011240221108892001, 0.009176169645797927, 0.010445579002407612, 0.00983549850207055, 0.011188013580976985, 0.009390096816787263, 0.009280675840273034, 0.009389481445396086, 0.011765050952817546, 0.010102956592163537, 0.009325379473011708, 0.009324573144112946, 0.00914650450431509, 0.012712260173429968, 0.009059197287569987, 0.013043294527960825, 0.008736068222788163, 0.010702421830501407, 0.009585368945408845, 0.009870643607428065, 0.009149938086920884, 0.008626774222648237, 0.009346016609924845, 0.008920210268115625, 0.009139963709458243, 0.009158744709566236, 0.008572101905883756, 0.008903859219572041, 0.009049190739460755, 0.010543694141233573, 0.008779876588960178, 0.008958811915363185, 0.009158806828054367, 0.008872422880813247, 0.009328654825367266, 0.008863284092512913, 0.008723596922209254, 0.008480963737383718, 0.011363502522726776, 0.009020720917760627, 0.011094683306509978, 0.008600884091720218, 0.00828617460138048, 0.007980078657055856, 0.009425300460861763, 0.008511980093317106, 0.010179478982536239, 0.008239292918005958, 0.008285800515295705, 0.008317429936141707, 0.008096097131783608, 0.009908584019285627, 0.008043251311391941, 0.007896723007434048, 0.008039769834795152, 0.008276775799458846, 0.008596877341915388, 0.008451037841950892, 