{"recall": 0.7416819103178919, "precision": 0.7534936008786006, "f1": 0.7415933656057927, "loss": [0.4761440623551607, 0.2792270185891539, 0.21036780008580536, 0.1767195884604007, 0.1553001245483756, 0.13983472267864272, 0.1290816665859893, 0.12006712303264067, 0.11415949097136036, 0.1098385046934709, 0.10465139412553981, 0.10130329773528501, 0.09814885014202446, 0.09529327013297006, 0.09257642657030374, 0.08894636982586235, 0.08736722450703382, 0.08470316050807014, 0.08366603398462757, 0.08068935637129471, 0.07983449476887472, 0.07806331117171794, 0.07692650065291673, 0.07464365047053434, 0.07342771772528067, 0.07244838288170286, 0.07172216224716976, 0.06937040042248555, 0.06884057968272828, 0.0674760407418944, 0.06610932026524097, 0.06485774915199727, 0.064631488698069, 0.06345815819804557, 0.06245285933255218, 0.061323216155869886, 0.060298850148683414, 0.06120555131928995, 0.058991843689000234, 0.05793428068864159, 0.05763822692097165, 0.056171457370510325, 0.056119169254088774, 0.05473258643178269, 0.054058350797276944, 0.05342016069334932, 0.053309418726712465, 0.052843081968603656, 0.05395098892040551, 0.05041568001615815, 0.05028111120918766, 0.05077927419915795, 0.04871091750101186, 0.0494699421687983, 0.05011643361649476, 0.04787025327095762, 0.04720272106351331, 0.04713029140839353, 0.046044577116845176, 0.046652335237013176, 0.04472237476147711, 0.045139216206735, 0.04479407495819032, 0.04466887065791525, 0.04329835306270979, 0.044320355664240196, 0.04270236101001501, 0.04271126104868017, 0.04163301763765048, 0.04232130397576839, 0.04056783005944453, 0.04066319846606348, 0.04088669789780397, 0.039695168103207834, 0.03988190056406893, 0.03981028206180781, 0.03932726841594558, 0.03941741223388817, 0.03790917064179666, 0.037682243331801146, 0.03746534282981884, 0.03753609725390561, 0.03649708192097023, 0.03623977203096729, 0.03607463861408178, 0.03657071744964924, 0.03632825474778656, 0.03541884622245561, 0.034600327315274626, 0.035590349361882545, 0.034750339575111866, 0.033778591561713256, 0.034033269475912675, 0.034300856103072874, 0.033066036688978784, 0.03350756055442616, 0.03264131996547803, 0.03399432032892946, 0.03146403371647466, 0.03183744751731865, 0.03171245656267274, 0.03230129071744159, 0.03206985438009724, 0.03319430345436558, 0.031061595436767675, 0.02952569257467985, 0.03013620690035168, 0.030514172380208038, 0.02988734135578852, 0.028917028321302496, 0.029047666132100858, 0.028740133551764302, 0.029372175253229216, 0.030184094488504343, 0.028540417115436867, 0.02780317653378006, 0.028376702175592072, 0.029437436824082397, 0.028190713608637452, 0.027300880319671705, 0.028344383870717138, 0.027731201800634153, 0.026659535709768534, 0.02641421728185378, 0.02744913991773501, 0.026880420118686743, 0.026540052465861663, 0.026009829918621108, 0.026578300836263224, 0.025359078455949202, 0.02534803130401997, 0.025882714297040366, 0.025579047549399547, 0.024507177535269875, 0.025707809953019023, 0.024655281187733635, 0.025010416808072478, 0.024808740272419527, 0.024674729698745068, 0.023998723496333696, 0.025096841069171205, 0.025258868234232068, 0.024765358779404778, 0.02354262670269236, 0.02273377846722724, 0.0245425870816689, 0.022730927303200588, 0.02343153255787911, 0.02222105098189786, 0.022434774684370495, 0.022956358719966374, 0.021974575785861816, 0.024685167292773258, 0.02239820657268865, 0.022467046313977335, 0.02436340519489022, 0.02128230212838389, 0.021306386355718132, 0.02131024752452504, 0.02219113275350537, 0.021540225236094557, 0.020684276234533172, 0.02091631478833733, 0.0220158083102433, 0.021807408826134633, 0.020324269236880355, 0.020880663047137205, 0.02040284142276505, 0.020484912041865755, 0.01993165272870101, 0.019689209620992187, 0.01974363179760985, 0.01968649135233136, 0.02005959362577414, 0.019472254884021822, 0.01942600960319396, 0.02045893382455688, 0.022211703355424106, 0.019111310415610205, 0.018885747194872238, 0.020094916020752862, 0.01886473366903374, 0.02446021284413291, 0.018357943801674992, 0.01830085660185432, 0.018842654731997754, 0.01819728249392938, 0.018955500796437263, 0.01964373583905399, 0.017601732193725184, 0.018392689002212137, 0.01869827919290401, 0.018239678698591888, 0.017424746380129363, 0.01799980540818069, 0.018464852379111107, 0.017866149981273338, 0.017531639270600863, 0.01806115374347428, 0.017422533557692077, 0.017171020168461837, 0.017135979709564708, 0.016851675456564408, 0.01746169861871749, 0.017810142373491544, 0.017427623395633418, 0.016879578317457344, 0.0166830117959762, 0.01834816726477584, 0.01694703527755337, 0.0171510853106156, 0.016350913218047936, 0.01800322937197052, 0.01605579466558993, 0.01594838460732717, 0.018920295842690393, 0.018540969962486997, 0.015921156140393578, 0.015888183283095714, 0.01678895022632787, 0.015162673174927477, 0.016519503158633597, 0.01626915708038723, 0.016036136104958132, 0.015393213274364825, 0.016583384396653855, 0.015103617828572169, 0.015590381917718332, 0.015462306058907416, 0.015657198506232817, 0.015544126305030659, 0.015531641482084524, 0.01698548111744458, 0.015179542460828088, 0.015387242114229593, 0.01684845536510693, 0.014913427821738878, 0.014815327609539963, 0.014211097251973115, 0.015475503976631444, 0.014681491447845474, 0.014012498417287134, 0.014381914617842995, 0.014256096801545937, 0.014124400153377792, 0.01386150609323522, 0.014846119112917222, 0.016915936081204563, 0.015165819619141985, 0.016862980010046158, 0.015959098578605335, 0.01649117874330841, 0.013536780490539968, 0.013802602683426812, 0.013753199367783964, 0.014296578170615248, 0.013091107637592359, 0.013183343657146906, 0.014715501602040604, 0.01282187519245781, 0.013308428369782632, 0.013314268580870703, 0.014010751012392575, 0.01392755140477675, 0.012827610782551346, 0.013378297371673398, 0.012954514666489558, 0.01324528257464408, 0.013346008039661683, 0.014857477934128838, 0.013191995647503063, 0.013104221696266904, 0.012382951801555464, 0.014392734425200615, 0.012584997541125631, 0.012900260320748203, 0.012599237397807883, 0.012423738662619144, 0.014578938240447314, 0.012974183788173832, 0.01371330988695263, 0.01634949666186003, 0.011729905712854816, 0.012345022798399441, 0.011994204054644797, 0.013381741802731995, 0.012290827045944752, 0.012105415433325106, 0.011705061908287462, 0.012372236833471106, 0.012239204352226807, 0.013492792775650742, 0.011943039564357605, 0.012616298688953975, 0.011505106667755172, 0.011845274711959064, 0.011585418444155948, 0.012471202477172483, 0.016719119623303413, 0.013720571627345635, 0.01188001881382661, 0.01109343854477629, 0.011161897098645568, 0.011131274775834754, 0.012142811276135035, 0.011150307927891845, 0.011312136975902831, 0.01172569373738952, 0.012054645936586894, 0.011470409699541051, 0.011540768518898403, 0.011274077063717414, 0.011370111704309238, 0.011812190256023314, 0.011370804866601247, 0.011325820723868674, 0.012222011777339503, 0.014229150678147562, 0.010649485822796123, 0.010428400433738716, 0.011429363687057048, 0.010968713650072459, 0.010930059495876776, 0.011403130265534855, 0.010759828895970713, 0.010726754091592738, 0.011277867630269611, 0.010403258391306736, 0.011575349089980591, 0.011937147548451321, 0.010915258859313326, 0.01063201774013578, 0.01068198316352209, 0.017951961202925304, 0.010569147980277194, 0.010442505383252865, 0.010634639740601415, 0.009905468272336293, 0.010089288698509336, 0.01043811423733132, 0.01191216186634847, 0.01007826604109141, 0.01067133947799448, 0.010376968148193555, 0.010213188092166092, 0.010468073134688893, 0.011188862452399917, 0.009855787760898238, 0.010793653480504872, 0.009858678517048247, 0.010156959600863047, 0.010009370162151754, 0.010188053445745027, 0.011381265914678806, 0.010196033690590411, 0.011359022926626494, 0.0100493512218236, 0.01065468329397845, 0.009891489607980475, 0.01099892308411654, 0.009937374488799833, 0.010027419888501754, 0.009850432292296318, 0.009708652240078663, 0.010090096981002716, 0.013904759809520328, 