{"recall": 0.778711623078064, "precision": 0.7830817128829187, "f1": 0.779315938885583, "loss": [0.4771649513859302, 0.2935936239082366, 0.21977505774702877, 0.185350684216246, 0.16183590365108103, 0.1444073782186024, 0.13203276426065713, 0.12462954659713432, 0.11871229810640216, 0.11173700133804232, 0.10771826619748026, 0.10377181792864576, 0.10049561789492145, 0.09751153382239863, 0.09516956366132945, 0.09235325350891799, 0.09051893441937864, 0.08880419755587354, 0.08655093982815742, 0.08468673296738416, 0.08292623466695659, 0.08184599515516311, 0.07927712699165568, 0.07774844494997524, 0.07621088842279278, 0.07697561147506349, 0.07414120237808675, 0.0729555337165948, 0.07193017259123735, 0.0702053330023773, 0.07039774121949449, 0.06757204909808934, 0.06713033455889672, 0.06606305306195281, 0.06503151540528052, 0.06346189189935103, 0.06304751013522036, 0.06238988050608896, 0.06102296194876544, 0.059872745390748605, 0.05905640494893305, 0.05812556459568441, 0.05882870056666434, 0.057710917259100825, 0.05603519704891369, 0.05668107289238833, 0.054300767107633874, 0.05428054014919326, 0.053381352801807225, 0.05227717573870905, 0.052555118716554716, 0.05086684561683796, 0.052040448295883834, 0.04991931264521554, 0.04914196374011226, 0.05093093146570027, 0.04785567807266489, 0.04809381777886301, 0.04729916152427904, 0.046416160388616845, 0.04774730821372941, 0.04605948654352687, 0.04515435214852914, 0.045355051901424304, 0.044281043781666085, 0.04368769531720318, 0.04266596595698502, 0.04362248662800994, 0.04259379403083585, 0.0419709683774272, 0.0425344846007647, 0.04096868874330539, 0.042409837973536924, 0.03949004219612107, 0.04165937211655546, 0.04063656140351668, 0.03919010442041326, 0.03982811752939597, 0.038593876975937746, 0.03857793647330254, 0.037815091040101834, 0.03678715092246421, 0.03660121878783684, 0.03759500496380497, 0.03715372571605258, 0.03635665487672668, 0.03602313208102714, 0.0353942269430263, 0.03683997938060202, 0.034249174044816755, 0.03468836714455392, 0.03516671160468832, 0.033949759759707376, 0.03389578471251298, 0.033487324937595986, 0.032829538205987774, 0.03349680150859058, 0.03235245539690368, 0.037841256824322045, 0.03348614543210715, 0.031521658893325366, 0.032099575735628605, 0.03154726789216511, 0.031140488499659114, 0.03110387481865473, 0.03036962149781175, 0.03099375315650832, 0.03062179626431316, 0.030369923770194873, 0.029264580749440938, 0.03136816923506558, 0.029230423941044137, 0.02968682949722279, 0.029658431172720157, 0.029890872014220804, 0.02843346977897454, 0.029043787726550363, 0.028355635513435118, 0.02810267965105595, 0.027940768777625635, 0.02789781782485079, 0.02761561058287043, 0.02695164100441616, 0.026609885127982125, 0.026646975180483423, 0.02646768711565528, 0.028273657691897824, 0.027245743011008017, 0.02627664792817086, 0.027154351831995882, 0.026183863083133474, 0.026949629325827118, 0.02607083521434106, 0.02576368144946173, 0.025407055582036264, 0.02491441291931551, 0.02495751700917026, 0.024910829728469253, 0.02472062487504445, 0.024585686143836938, 0.02443767336808378, 0.02522552830487257, 0.0253682459006086, 0.024670296428666916, 0.02405480127345072, 0.024023006699280813, 0.024944604389020242, 0.02361986592586618, 0.024874111390090548, 0.02351368235395057, 0.02348138008528622, 0.02393841543380404, 0.02292092157586012, 0.022308881176286377, 0.022669620673696045, 0.022052853906643577, 0.02289148523414042, 0.02206232513708528, 0.02288459321425762, 0.025039683052455075, 0.021580813867331017, 0.022164199712278787, 0.022245004649448674, 0.021302556349837687, 0.02109251126239542, 0.021372334857005626, 0.023963075218489394, 0.02103882846859051, 0.02059814865788212, 0.022392752041923814, 0.020366588534670882, 0.021372890456405003, 0.01992149656143738, 0.02123986240621889, 0.021400920712039806, 0.02063973883196013, 0.02515297126956284, 0.0196773805146222, 0.020932750645442866, 0.019168631326465402, 0.019293699857371394, 0.02101374277845025, 0.022911132335138973, 0.019981696423201356, 0.019984026803285815, 0.01872785775049124, 0.018596706038806587, 0.018790158843330573, 0.018863059965951834, 0.020671136742748786, 0.018255377843161114, 0.018810038040101063, 0.01891205523861572, 0.018757363926852122, 0.019875869096722454, 0.01942404064902803, 0.018964985021739267, 0.018862671713577583, 0.022945207827433478, 0.02051885185937863, 0.017808682030590717, 0.018162061016482767, 0.017986606479098555, 0.01843830330471974, 0.017237374100659508, 0.017868201422970742, 0.01727663996280171, 0.01839846531947842, 0.017607070454687346, 0.01707280257687671, 0.02004121103527723, 0.01700625602825312, 0.020469744049478322, 0.016776895470684394, 0.017333992167550605, 0.016966779228823725, 0.01686473103472963, 0.01920113683445379, 0.01784723990567727, 0.01702840341749834, 0.015890683796897065, 0.018071114682243206, 0.017431088104785886, 0.015850400443014223, 0.015910120215266943, 0.016631505226541776, 0.015903339597571176, 0.017519156688649673, 0.016122791661473457, 0.02332419167214539, 0.01589615629200125, 0.015181877417489886, 0.015378053089079913, 0.01549985625752015, 0.017145143399829976, 0.015612048369803233, 0.01542977534700185, 0.016006677433324512, 0.01524151797639206, 0.014781192010559607, 0.015630100562702864, 0.016363104899937753, 0.017888796770421322, 0.015518439577135723, 0.014623414928792045, 0.015026527973532211, 0.019712111927219667, 0.014363999784109183, 0.014922383954399265, 0.014800732496951241, 0.014626133714045864, 0.014643194881500676, 0.014522746700095013, 0.015105845501238946, 0.01510826217054273, 0.015378058917121962, 0.013953574642073363, 0.014538906441885047, 0.01600660519761732, 0.014553580149367917, 0.016536028146219905, 0.013982681492052507, 0.014411162170290481, 0.01389324101182865, 0.013832113167154603, 0.01448696795705473, 0.01400781739357626, 0.015470265265321359, 0.015499476350669283, 0.014006585995957721, 0.01447321482555708, 0.014400197185750585, 0.014895099113346078, 0.013988046812301036, 0.013435621731332503, 0.013610633475764189, 0.014070420096686576, 0.014496056166535709, 0.013409910054178908, 0.01319894591870252, 0.013415919434919488, 0.013950323322205804, 0.014020411836099811, 0.012908407301438274, 0.012799411939340644, 0.01287101202251506, 0.013417049107374623, 0.013319714842509711, 0.013635771974804811, 0.012658224062761292, 0.014261828535381937, 0.012589551959536038, 0.012588611418323126, 0.012240663600096013, 0.014356450974446489, 0.012876020449766656, 0.012356725168501725, 0.011739229747036006, 0.013896832446334884, 0.012391936059430009, 0.01240556082848343, 0.012850362643803237, 0.012610724315891275, 0.012156059150584042, 0.012241748157975962, 0.014988170001743129, 0.011722353669028962, 0.012564852069772314, 0.011730854039342375, 0.012558110120153287, 0.012568709076731466, 0.013619616987853078, 0.01592085098309326, 0.012076415092451498, 0.012866967888840009, 0.012080435128154932, 0.01144191454295651, 0.013773319067695411, 0.011455020099674584, 0.011897654945641989, 0.011362409481080249, 0.011514079978951486, 0.012143691197707085, 0.011349202031851746, 0.011174592160386965, 0.012087394774425775, 0.014966743099648738, 0.01171665551737533, 0.01186125875392463, 0.01146685177445761, 0.011803755802247906, 0.012446947766875383, 0.010937498373095877, 0.012503609319537645, 0.011756296742532868, 0.013549822793720523, 0.015407155009597773, 0.011605499967117794, 0.013489761138771428, 0.011864676482218783, 0.011257061749347486, 0.010667341524822405, 0.012732450981275178, 0.01066423782685888, 0.01081335314665921, 0.010191541750828037, 0.012161359751189593, 0.011019603793101851, 0.010266249122651061, 0.010546383895416511, 0.010925672388111707, 0.01060832178700366, 0.011744553019525483, 0.011053490667109145, 0.010731439135270193, 0.012029927314870292, 0.011147350043756887, 0.01656527503291727, 0.010173207843763521, 0.01252819140063366, 0.010016351247031707, 0.011073195564677007, 0.009661320298619103, 0.010081402819196228, 0.010079409159516217, 0.01127608403476188, 0.010394804416137049, 