{"recall": 0.7355514905818955, "precision": 0.757850417319228, "f1": 0.7402296979880121, "loss": [0.4760932265780866, 0.27746284380555153, 0.20866759214550257, 0.17555896285921335, 0.1527801271295175, 0.13653695944231004, 0.125697651586961, 0.11719261761754751, 0.11130422638962045, 0.10659204272087663, 0.10206180869136006, 0.09977088519372046, 0.09496446221601218, 0.09469422721304, 0.09023164206882939, 0.0881895101047121, 0.08603071107063442, 0.085138684080448, 0.08271154662361369, 0.0813965656561777, 0.0796360734384507, 0.07841052560252137, 0.07640940524288453, 0.07557948349858634, 0.07427425979403779, 0.07207133568590507, 0.07166694401530549, 0.0695764132833574, 0.06916588137391955, 0.06830869137775153, 0.0672035300231073, 0.06713602732634172, 0.06538865648326464, 0.06566256066435017, 0.06284835818223655, 0.062430081743514165, 0.06147655870881863, 0.060488339338917285, 0.06053098014672287, 0.05885951066738926, 0.05801809165859595, 0.05689190933480859, 0.05668891375535168, 0.05599978254758753, 0.0551437038811855, 0.05432583123911172, 0.05345413851318881, 0.05301905455417, 0.05343023483874276, 0.05130106242722832, 0.051126808364642784, 0.050202410406200215, 0.04993716804892756, 0.05060502917331178, 0.04931939879315905, 0.04852305515669286, 0.04709927047952078, 0.04749034612905234, 0.04674810211872682, 0.04693223815411329, 0.0453925370820798, 0.04564815870253369, 0.046008397854166105, 0.04442437493707985, 0.04372433575917967, 0.04306649882346392, 0.04203515968401916, 0.042166971281403676, 0.04317315074149519, 0.04133525278302841, 0.04120639228494838, 0.04052532944479026, 0.03996741156151984, 0.03990849731781054, 0.038969070505118, 0.038838659282191657, 0.0394685175124323, 0.03837160876719281, 0.03719173641002271, 0.0375027143600164, 0.037267902473104186, 0.03616819348826539, 0.0357722194166854, 0.03546226953039877, 0.03503953412291594, 0.03469899483025074, 0.03458877191587817, 0.03439028430148028, 0.033939886969164945, 0.03337384255428333, 0.032853758908458985, 0.03292477961804252, 0.034334178097196855, 0.033186374203069136, 0.032803627545945346, 0.03298065143462736, 0.03140324643754866, 0.03102660995500628, 0.030745376541744918, 0.03058520426566247, 0.031314539577579126, 0.029920496555860154, 0.029589845376904123, 0.029170039371820167, 0.030167041084496304, 0.02850108573329635, 0.030955923110013828, 0.028984413089347072, 0.02911701462289784, 0.029849455539078917, 0.027917778643313795, 0.028481447181547992, 0.028063995094271377, 0.026519722072407603, 0.028076697475626133, 0.02726875377993565, 0.027595388775807805, 0.02808808904956095, 0.02642191734048538, 0.02718596934573725, 0.025892041448969394, 0.02588285246747546, 0.026470738870557398, 0.02485716155206319, 0.025420098929316737, 0.025330979406135157, 0.025244121803552844, 0.0243464606028283, 0.025040375781827606, 0.024065092380624264, 0.02427530691056745, 0.023706093117652927, 0.02484084467869252, 0.026751866251288448, 0.02253004322119523, 0.02330024397087982, 0.022893261339049786, 0.02241652884549694, 0.022656128137896303, 0.02281676900020102, 0.022779434904805385, 0.021697320538805798, 0.022889506675710436, 0.02447547865449451, 0.021090660004119854, 0.023982055885426234, 0.022556773634278215, 0.020670877624070272, 0.02163611547439359, 0.020881207114143763, 0.022248062916332856, 0.023954332740686368, 0.021888897812459618, 0.02063889041164657, 0.023926470879814588, 0.02077330778411124, 0.020691844052635133, 0.019766446537687443, 0.019909691640350502, 0.020011262698972132, 0.019950178008002695, 0.02169519695598865, 0.020507908127910923, 0.01965985200513387, 0.019879920619132463, 0.019519132139976136, 0.019181172516255174, 0.01890495460247621, 0.021520451293326914, 0.018596802721731365, 0.018952419253764674, 0.01827869762200862, 0.018855204594729003, 0.01794583717128262, 0.02210750154335983, 0.018723321198194753, 0.01778065242251614, 0.018371531688899267, 0.01753780950093642, 0.018357991677476093, 0.018061311202473007, 0.017434387576940935, 0.017940391204319894, 0.01855205694300821, 0.017044037078449037, 0.018455364952387754, 0.01870993238844676, 0.01665723325277213, 0.019710589018359315, 0.017236420622793958, 0.016921513066336047, 0.01618631860037567, 0.01683633992797695, 0.018800858648319263, 0.016173401665582787, 0.016587956612056587, 0.016861243129824288, 0.016903987307159696, 0.016623535004328005, 0.017057405937521253, 0.018069284633384086, 0.015700682262831833, 0.015405087746330537, 0.015652397662051953, 0.015335495430917945, 0.015960890545102302, 0.01705705721542472, 0.019000436179339886, 0.015213582817523275, 0.017439562318031676, 0.014821414973994251, 0.01580153254326433, 0.014955231759813614, 0.015879468053753953, 0.014821623750322033, 0.014630131743615493, 0.014273198779847007, 0.016396038394304924, 0.016589714141446166, 0.014512447858578525, 0.015536118618911132, 0.0168548915462452, 0.014548765902873129, 0.014597922847315203, 0.015439303657331038, 0.014083692723943386, 0.013982988148200093, 0.01356417105125729, 0.01490387807280058, 0.014590678161766846, 0.01551887892128434, 0.014315528504084796, 0.014136756690277252, 0.01821350393583998, 0.015774671264807694, 0.01330135014723055, 0.013230962569650728, 0.014078280717512826, 0.013275539400638081, 0.013163412382709794, 0.013117675985995447, 0.013789291497232625, 0.012801017808669712, 0.014743921768967994, 0.014099202617217088, 0.01340852440262097, 0.013251486609078711, 0.013048445998720126, 0.01513905851970776, 0.012596597738593118, 0.012916667405079352, 0.012571922048664419, 0.01360694751929259, 0.012412412786943605, 0.0150651239855506, 0.012002664145256858, 0.014582856550987344, 0.012118856979213888, 0.016186722303245915, 0.012854466804128606, 0.012010355312668253, 0.01356082818165305, 0.01247086738658254, 0.012618513366760453, 0.014606791315600276, 0.012609203284227988, 0.012169212495791726, 0.012351891604339471, 0.011659293817501748, 0.011913516005733982, 0.01274270516296383, 0.012356616578472313, 0.011668068407743704, 0.011649162825051462, 0.011997110967058688, 0.012277760710276198, 0.012940500244440045, 0.011556615983863594, 0.011413417072617449, 0.012487297244661022, 0.014306347598903812, 0.013426536686893087, 0.011798258503404213, 0.013591070095571922, 0.010867180793866282, 0.012779458011209499, 0.016493125145643717, 0.010738851124187931, 0.010925761351245455, 0.010716807006247109, 0.010881085741857532, 0.010889783614402404, 0.011471847905340837, 0.010637433490046533, 0.011695501030771993, 0.010862353490665555, 0.01146718235759181, 0.010877121687371982, 0.010644761267030844, 0.01154869386300561, 0.011000195139786229, 0.011330146655382123, 0.010370135256380308, 0.010941920550976647, 0.01083000661310507, 0.01033318445115583, 0.011075138736487133, 0.013487344236637, 0.01006365726061631, 0.010781907356431475, 0.010441506678034784, 0.010414623087854125, 0.010412670482764952, 0.009942999702616362, 0.010408346981421346, 0.013269612314616097, 0.010589643748971866, 0.010787853392685065, 0.010024961782619357, 0.00986905087120249, 0.01352458054680028, 0.01064784870686708, 0.010909770957368892, 0.009527924241410801, 0.011370583466487005, 0.009715293221233878, 0.01031197858901578, 0.01121681881340919, 0.009859695845079841, 0.009729059234814486, 0.010168223136133747, 0.009714520696434192, 0.009990137543354649, 0.009304505492764292, 0.009483999656367814, 0.009751358782523312, 0.011849910879391246, 0.009673355849372456, 0.009900419870973565, 0.010039103748567868, 0.00968274712067796, 0.010520042374992045, 0.009275916712795151, 0.009296298350818688, 0.009483331734372769, 0.010396278907137457, 0.00942134132492356, 0.014821302320342511, 0.009081150990823517, 0.009018626053148182, 0.00894687789332238, 0.009819996779697249, 0.009535543835227145, 0.010249828894302482, 0.008577297121519223, 0.008934131696150871, 0.008869442066497868, 0.008678852234879741, 0.009474242095166119, 0.008511206280672923, 0.00871067724074237, 0.008914015030313749, 0.009452789872739231, 0.009266830962587846, 0.008847549881465966, 0.008951649149821606, 0.009006925160065293, 