{"recall": 0.7406436940722796, "precision": 0.7514478222421195, "f1": 0.739408192918479, "loss": [0.4773464023601264, 0.2821704352973029, 0.21626290027052164, 0.18323677184525877, 0.16247522656340152, 0.1475098206428811, 0.13621379854157567, 0.12783056613989174, 0.12120873259846121, 0.1162634541396983, 0.11125190713210031, 0.10747300583170727, 0.10391770023852587, 0.1004889125470072, 0.09778464783448726, 0.09399593668058515, 0.09201289812335745, 0.08952671242877841, 0.08758935867808759, 0.08522782701766118, 0.08381191082298756, 0.08255152200581506, 0.08071317811845802, 0.0779851492261514, 0.07690348196774721, 0.07563338711042888, 0.07468529674224555, 0.07251683683716692, 0.07169502970646136, 0.06992785236798227, 0.06849840868380852, 0.06717099036904983, 0.06666788813890889, 0.06587469778605737, 0.0638706347963307, 0.06340439396444708, 0.062190319382352754, 0.0634349123283755, 0.06039975548628718, 0.05984453824930824, 0.05899041291559115, 0.05738985980860889, 0.05758718139259145, 0.056183365697506815, 0.05532203649636358, 0.05427829330437817, 0.05458502809051424, 0.05373257049359381, 0.054258270567515865, 0.05155614065006375, 0.05092367867473513, 0.05140977504197508, 0.04930775976390578, 0.050039655732689425, 0.05023318261373788, 0.04874190880218521, 0.047763405251316726, 0.04724335552600678, 0.04629755418864079, 0.04674397566122934, 0.0448331814550329, 0.04564600146841258, 0.04534356600197498, 0.04493399243801832, 0.04355627029144671, 0.04462071188027039, 0.042967422981746495, 0.04227176857239101, 0.0417421432066476, 0.04200525567284785, 0.0408676098450087, 0.04082264594035223, 0.04028100207506213, 0.03949758560338523, 0.03928176344197709, 0.04011048220854718, 0.039098811088479124, 0.0380851927184267, 0.03736314702837262, 0.0375553687044885, 0.03752550171338953, 0.03725490103533957, 0.03674444757052697, 0.03674157698696945, 0.035913572763092816, 0.03582416228891816, 0.035982565343147144, 0.03493237557995599, 0.0340565566875739, 0.034441372990841046, 0.034988589060958475, 0.03391613373241853, 0.03515695410897024, 0.033393545119906776, 0.03295676497509703, 0.03325921209761873, 0.0333607712527737, 0.033526864397572353, 0.03122347946919035, 0.031742463062983006, 0.031220052886055782, 0.03309033876575995, 0.030961079464759678, 0.031562343254336156, 0.030473662685835734, 0.029448670684359968, 0.03009646174905356, 0.030566675835871138, 0.02977853904303629, 0.030034903378691524, 0.02866983441344928, 0.028298581863055006, 0.029232790606329218, 0.030661656186566688, 0.02828821467119269, 0.027411340895923786, 0.028876075288280845, 0.029646449038409628, 0.027225507103139535, 0.027457243792014197, 0.028794584941351786, 0.02756975249212701, 0.02649845830455888, 0.026804545283084735, 0.026608587591908872, 0.026844645806704648, 0.026081200747285038, 0.02616263786330819, 0.02624549512984231, 0.02515155317087192, 0.025432830007048324, 0.024902064455091022, 0.02652349806157872, 0.024084233926259913, 0.025203376535500865, 0.024263718602014706, 0.02453535993117839, 0.024218989921791945, 0.02441561472369358, 0.0238570257279207, 0.025029024538525846, 0.02437633433873998, 0.025018717315106187, 0.02352258667087881, 0.022847612541227136, 0.02459985473251436, 0.022320318741549272, 0.02310235569893848, 0.022275884977716487, 0.02196469334012363, 0.02260579801077256, 0.02175567145604873, 0.023058623999531846, 0.022208385707926936, 0.022228886300581507, 0.02255147872347152, 0.021081512793898582, 0.02080594409198966, 0.021103152168507222, 0.021044417124358006, 0.022082422488892917, 0.020263600184989627, 0.021808856094139628, 0.021409292028693017, 0.021443530764372554, 0.019957178184995428, 0.0200835164723685, 0.0199790983388084, 0.02056598429044243, 0.020407197225722484, 0.019573214653064497, 0.01983186697907513, 0.019577827290049754, 0.019447813807346392, 0.018688287746044807, 0.019178553113306407, 0.019676733449159656, 0.0217546320418478, 0.01890520370216109, 0.018546525534475222, 0.01926153174281353, 0.019654101859487128, 0.021404271057690494, 0.018656439358892385, 0.018566526705399156, 0.018385848561592866, 0.01819372593308799, 0.01849104109714972, 0.01873880451603327, 0.017521167239465285, 0.01809467250132002, 0.01784827130904887, 0.017850322445156053, 0.016979887113848235, 0.01737710548331961, 0.017315025535936, 0.019862696608470287, 0.017074510345992167, 0.01837676851573633, 0.017599457656615414, 0.016535627662960906, 0.01696057456865674, 0.016146954090800136, 0.016962963367404882, 0.016252577042905614, 0.017297182719630655, 0.0170939396994072, 0.016401365675847046, 0.019330758084834088, 0.017375629235175438, 0.017002933127514552, 0.015859923252719454, 0.016253871115623042, 0.01544028247735696, 0.016374317703593988, 0.01753695531078847, 0.01654780940589262, 0.016864239558344707, 0.01590827294421615, 0.01647187044727616, 0.015003590880951378, 0.015759302164951805, 0.01696094348881161, 0.015505358678638004, 0.014969691401347518, 0.015464663279999513, 0.014731728842889424, 0.015471358863578644, 0.015615624710335396, 0.015023887666757219, 0.014971896525821649, 0.015048291799757862, 0.015691011321905535, 0.015157331021327991, 0.015064618455653545, 0.017063623483409174, 0.01508263989671832, 0.014652290206868201, 0.014009033518959768, 0.015172358762356453, 0.01422256732621463, 0.013812327822961379, 0.01476550037477864, 0.014228966996597592, 0.013616993161122082, 0.013619471228594193, 0.014152646122965962, 0.017250149729079567, 0.014212610229151323, 0.015708258433733135, 0.015238803091051523, 0.014834511908702552, 0.013241595981526189, 0.015208515244012233, 0.013568860711529851, 0.013650208173203282, 0.013367023439059267, 0.013263483764603734, 0.014941677702154266, 0.012518702271336224, 0.01424000327824615, 0.013096378541376907, 0.013463595732901013, 0.01362280681496486, 0.012574335574754514, 0.012566182271257276, 0.013247485519968905, 0.012509036507253768, 0.013173685663787182, 0.014068659511394799, 0.016687446277501294, 0.013070945486106211, 0.011966692545684054, 0.013429455812001834, 0.01286729142520926, 0.012676510559685994, 0.012871661503595533, 0.01224309087410802, 0.015077548028784804, 0.012715784774627537, 0.013129154031048529, 0.014742175313585903, 0.011726937285857275, 0.012526342539786128, 0.011917268497199984, 0.01278985357930651, 0.011916120296518784, 0.012143011972511886, 0.01158734141063178, 0.012301701211981708, 0.012044481991324574, 0.012144490970968036, 0.011918255950149614, 0.012690597519394942, 0.011307729542750167, 0.01149930671454058, 0.012091116139345104, 0.012208571439259686, 0.01595553986771847, 0.012798331052181311, 0.011257904341618996, 0.010782253637444228, 0.011049095945054432, 0.011597985492699081, 0.011826626549009234, 0.012262344454939011, 0.011231231783312978, 0.011146891916723689, 0.011387035872758133, 0.011618327305768616, 0.011531473970535444, 0.010918204483459704, 0.011025403393432498, 0.0126751103780407, 0.011325974966894137, 0.011682431468216237, 0.012749349076329963, 0.013137758196535287, 0.011521402186190244, 0.010196178944170242, 0.011192271023901412, 0.011058045758545632, 0.01065013538391213, 0.011675628051307285, 0.010351970799092669, 0.010417514884466073, 0.014846905469312333, 0.011044365892303176, 0.010268241570884129, 0.01112615460078814, 0.011064127193094464, 0.010247524554870324, 0.010509183975955239, 0.01736365536635276, 0.010099128954607295, 0.010820112067449372, 0.010057296549348393, 0.009777374620171031, 0.010072933859191835, 0.010258616664941655, 0.013015198324865196, 0.009570659767632606, 0.012692031090409728, 0.009620148117392091, 0.009868332603218732, 0.010167276821448468, 0.009991972408897709, 0.010774995469546411, 0.011338872922351584, 0.010068873674754286, 0.009697427023638738, 0.009689074562629685, 0.010098637798364507, 0.010150354057259392, 0.009734362731251167, 0.012302810351684457, 0.010039427084848285, 0.01055698416166706, 0.009676404053607257, 0.011340055196342291, 0.009791299184144009, 0.010312308706488693, 0.010003988132666564, 0.010396469449915458, 0.010520716037717648, 0.010396828751254361, 0.01141652553633321, 