{"recall": 0.7511741731349186, "precision": 0.7617430332470354, "f1": 0.7514156121252982, "loss": [0.47746649314649403, 0.27905217732768506, 0.2138037164695561, 0.1820988148683682, 0.16103814740199596, 0.14558855653740466, 0.1348419199930504, 0.1259214848978445, 0.11982985265785828, 0.11520580807700753, 0.10922626382671297, 0.10711832722881809, 0.10185389016987756, 0.10089521412737668, 0.0964468625606969, 0.09413555217906833, 0.09164552163565531, 0.09062309184810147, 0.08816610043868423, 0.08611093211220577, 0.08435706881573424, 0.08261037315241992, 0.08056538255186751, 0.07932267512660474, 0.07758474632282741, 0.07527294298051856, 0.07409480839851312, 0.07224579685134813, 0.07196659644250758, 0.07083822548156604, 0.06944367437972687, 0.0696589810831938, 0.06692516582552344, 0.06612432588008232, 0.06458862233557738, 0.06437987630488351, 0.06279401245410554, 0.06144877866609022, 0.06095042597735301, 0.05967686994699761, 0.05887159617850557, 0.0571574947971385, 0.05694368903641589, 0.056579587631858885, 0.05545591909321956, 0.054928271914832294, 0.053744468808872625, 0.052869175386149436, 0.05458647949853912, 0.0509735701198224, 0.05072843004018068, 0.04969173209974542, 0.05007810762617737, 0.04976438706216868, 0.04867641450255178, 0.04847010219236836, 0.04679199308156967, 0.04705105771427043, 0.04680422504316084, 0.04565835272660479, 0.04468560969689861, 0.047195642575388774, 0.04394648363813758, 0.04351794795366004, 0.04349950158211868, 0.04313726026157383, 0.041835282056126744, 0.04180793232808355, 0.04177446318499278, 0.040681061742361635, 0.040418539982056245, 0.0402087977854535, 0.03982022116542794, 0.03924554566037841, 0.03856795048341155, 0.03837369283428416, 0.03822609971393831, 0.03807823534589261, 0.037164000954362564, 0.0369899018551223, 0.03704240336082876, 0.03635516816575546, 0.03520914664841257, 0.03548084838257637, 0.03462196061445866, 0.03422070942178834, 0.03500335699936841, 0.03376707019924652, 0.03348511426884215, 0.033253490037168376, 0.03273309017822612, 0.03238498175051063, 0.034171888648415916, 0.0331442662718473, 0.03274708380922675, 0.03293056270922534, 0.03104909200919792, 0.03118191988323815, 0.030979204530012794, 0.030509929434629157, 0.031967601520591415, 0.030161347793182358, 0.03009618127543945, 0.029194624949013814, 0.030955155452829786, 0.02882491803029552, 0.030203841815819032, 0.028792185548809357, 0.028821461557527073, 0.030671497850562446, 0.02798483621154446, 0.02853408049850259, 0.027697557670762762, 0.026960459174006246, 0.028541064166347496, 0.027151627407874912, 0.027125935288495384, 0.028981977724470198, 0.026175932507612742, 0.026596769457682967, 0.02603010062739486, 0.02612738695461303, 0.027388238020648714, 0.025030794480699115, 0.026638819159416016, 0.025699740392155945, 0.025080606072151568, 0.024754573649261147, 0.026097225767443888, 0.024809876194922253, 0.02471381629584357, 0.0241364284302108, 0.02443492627935484, 0.025331534176075365, 0.023033602934447117, 0.023296867439057678, 0.023543388982943725, 0.023474245885154232, 0.02256051940639736, 0.023817499488359317, 0.023466798127628863, 0.022078987894929014, 0.022533019218826666, 0.024831392292981036, 0.021727476494561415, 0.022828588807897177, 0.022955956308578607, 0.02101516081893351, 0.021447139049996622, 0.021492922634934075, 0.021675368210708257, 0.023696656273386907, 0.02184643292275723, 0.021033218494267203, 0.023411192669300362, 0.022113633225671947, 0.021615226098219864, 0.020135830018261913, 0.01962216654646909, 0.020193081349134445, 0.02032277076068567, 0.021023276218329556, 0.020764770852110814, 0.019969871194916777, 0.01986345044861082, 0.020328927850641776, 0.019680755824083462, 0.019318546103022527, 0.02274601484532468, 0.01864520295202965, 0.019032694079214707, 0.019665333260491025, 0.01893150565592805, 0.018217633507447317, 0.021803599440318067, 0.018415272934362292, 0.017916489101480693, 0.01812982197589008, 0.017913420910190325, 0.017744287542882375, 0.018175975616031792, 0.01772568029264221, 0.018468823975126725, 0.01801042150327703, 0.017242846312001348, 0.01825308575644158, 0.018552422807260882, 0.016998905608488712, 0.019699206488439813, 0.017229263321496546, 0.01688499183364911, 0.017365435960527975, 0.01701191715983441, 0.018052802712190896, 0.016726095651392825, 0.01670710868347669, 0.016426633490482345, 0.0162943198956782, 0.01711871234147111, 0.017111446228227578, 0.01675470573536586, 0.0160453924399917, 0.015393860740005039, 0.01592913937929552, 0.015778023342136294, 0.01719103890354745, 0.01659849691350246, 0.020038919581566006, 0.01546708390378626, 0.016209323053772096, 0.015072397844051011, 0.015500965535466094, 0.015177863569988403, 0.01508527596888598, 0.016121516164275818, 0.015890312228293624, 0.014654650061856955, 0.016206074549700134, 0.01613902005192358, 0.014445218264881987, 0.015273534176230896, 0.016115133934363257, 0.01492724121271749, 0.014109544339589775, 0.015611861934303306, 0.014108315685007256, 0.014128213231742848, 0.013892786591895856, 0.015849787814659066, 0.014174682757584378, 0.015728652600955684, 0.013907189248129725, 0.014493381258944282, 0.017188781974255107, 0.016096016377559863, 0.013452038292598445, 0.013288554895552807, 0.01628728089053766, 0.01341957464319421, 0.013309592341101961, 0.013343003232876072, 0.013884558331483277, 0.013443909556372091, 0.015141061350732343, 0.014085045513638761, 0.013433483116386924, 0.01356864473927999, 0.01339198651839979, 0.013507106777979061, 0.01267603857195354, 0.013559516482928302, 0.012632787969778292, 0.013174122235795949, 0.014548363324138336, 0.01628441614593612, 0.012140572049247567, 0.015130528299778234, 0.012250002044311259, 0.01351296330904006, 0.013160395545128267, 0.012665631915297126, 0.012660902611969505, 0.012435035991074983, 0.01276183133450104, 0.01236750428142841, 0.012126770252507413, 0.01231798999288003, 0.012366356015263591, 0.01217943040683167, 0.012296193472138839, 0.0126614533328393, 0.012193116686830763, 0.01178136943053687, 0.01162390160607174, 0.012197199306683615, 0.013199341083236504, 0.012485715404181974, 0.011465057090390474, 0.011544532942934893, 0.013822119715769077, 0.014430257077037822, 0.013452925839374075, 0.01155875546101015, 0.0118129948641581, 0.011211449549591634, 0.013028955312620383, 0.013254703939310275, 0.01074524668729282, 0.011608066786720883, 0.011049325446947478, 0.010669923929526703, 0.012588292029249715, 0.011699063998094061, 0.011022632985259406, 0.011438491579610854, 0.011364996742486255, 0.011246847352595069, 0.011186325504240813, 0.012023754890833516, 0.011583273688302143, 0.010773554084153147, 0.011278274181677261, 0.010870838726987131, 0.012161934377218131, 0.012051456596964272, 0.010613390812068246, 0.011416212502808776, 0.011388946692022728, 0.010517348880966892, 0.011310462592518888, 0.010159871857467806, 0.010466456078574993, 0.01083217239647638, 0.010180843426496722, 0.01148202797776321, 0.012811589906050358, 0.010469378055859124, 0.010565980897808913, 0.010111980922374642, 0.010460283017891925, 0.013805834179947851, 0.010400120823760517, 0.012296575539949117, 0.009707587138109375, 0.011014222687663278, 0.01031930142926285, 0.0109990580676822, 0.011410981747758342, 0.009701761799078668, 0.00972061724314699, 0.010383133609138895, 0.010117768022610107, 0.009939602477970766, 0.009798334191145841, 0.010018005854362855, 0.009811809133680072, 0.011620188797678566, 0.010466895386343822, 0.010143601764866617, 0.010612783644319279, 0.009752521276823245, 0.010489103646250442, 0.009644750512961764, 0.009342421340988949, 0.009964677763491636, 0.01050006688819849, 0.01005593665104243, 0.01272255216827034, 0.009263899006327847, 0.009308723616413772, 0.009435314808797557, 0.010083826207846869, 0.009294500912801595, 0.011014129187969957, 0.009025843650306342, 0.009371679076139117, 0.009334611651865998, 0.008759244235989172, 0.010203964371612528, 0.008779259344009915, 0.008941345717175864, 0.0088934662489919, 0.009619562541047344, 0.009096588091779267, 0.009547797242703382, 0.009177880147035467, 