{"recall": 0.7496415682009195, "precision": 0.7697637004925949, "f1": 0.7527900800989554, "loss": [0.47549812751822174, 0.27386580873280764, 0.20462910667993128, 0.1733434754423797, 0.15487256145570427, 0.14084343577269465, 0.1303256051032804, 0.12142559769563377, 0.11486410832731053, 0.10983816912630573, 0.10501674463739619, 0.10124472010647878, 0.09804588492261246, 0.09535492479335517, 0.09278810035903007, 0.08925730542978272, 0.08757885242812335, 0.08479874837212265, 0.08392045320942998, 0.08114855154417455, 0.08032013435149565, 0.07943057763623074, 0.0771833619219251, 0.07501475204480812, 0.07450142336892895, 0.0728612260427326, 0.0723260321537964, 0.07063480161014013, 0.06952075034496374, 0.06831499139661901, 0.0669227972975932, 0.06574179965537041, 0.06549690471729264, 0.06437314880895428, 0.06308776064543054, 0.062472187768435106, 0.06132131488993764, 0.06245109150768258, 0.06021289044292644, 0.058975147956516594, 0.05885590039542876, 0.056980029854457825, 0.057258358312537894, 0.05550370633136481, 0.05531835215515457, 0.05448285923921503, 0.05465472608921118, 0.053269328898750246, 0.05423576812609099, 0.05136017550830729, 0.05157170299207792, 0.05135934200370684, 0.049658303149044514, 0.05002518973196857, 0.05100045443396084, 0.049309768714010715, 0.04815479298122227, 0.047556523932144046, 0.04669864987954497, 0.047850970906438306, 0.04562306325533427, 0.046319353248691186, 0.04593740441487171, 0.04611401684815064, 0.04425175990036223, 0.04552906297612935, 0.04309385739907157, 0.04314722814888228, 0.04258664858934935, 0.04264187412627507, 0.04170113136933651, 0.04141905438154936, 0.04151810241455678, 0.04081058668089099, 0.040563788046711124, 0.040399454039288685, 0.04030020067875739, 0.038936432654736564, 0.038695948183885776, 0.03909968001244124, 0.03862110593763646, 0.038368806955986656, 0.037759601036668755, 0.037496646560612135, 0.03749939345289022, 0.03714049799600616, 0.037904520650045015, 0.0363410304998979, 0.035465683962684125, 0.03585323441075161, 0.03617188295174856, 0.035808955028187484, 0.034954267714056186, 0.03508193473680876, 0.03391545631166082, 0.0343960508616874, 0.033647249394562095, 0.0346865562023595, 0.03267095649789553, 0.03285520334611647, 0.03247153041593265, 0.03347131305781659, 0.03257081855554134, 0.03321556965238415, 0.032319539051968604, 0.03035916965745855, 0.031243496996467002, 0.031323256727773696, 0.03067034884588793, 0.03098318252887111, 0.02989754748705309, 0.029561009170720354, 0.03052651933103334, 0.030891839182004333, 0.02953853788494598, 0.028993470055866055, 0.030619782395660877, 0.030679412884637713, 0.028802897679270245, 0.02817909250734374, 0.02974183789046947, 0.028744239258230664, 0.027737799580791034, 0.02806500629230868, 0.02788931100803893, 0.02757555531570688, 0.027256272005615756, 0.027127319219289348, 0.027555950335226953, 0.02654382480250206, 0.02670498364022933, 0.026546728375251405, 0.026749294891487807, 0.025093730531807523, 0.026861387697863393, 0.02557721633638721, 0.025591586338123307, 0.02522325544123305, 0.025365665089339018, 0.024938933027442545, 0.025898774991219398, 0.024946645760792308, 0.0260220801064861, 0.02471151047211606, 0.02375726400350686, 0.024459057676722296, 0.02312179381988244, 0.023596158469445072, 0.023489974446420092, 0.02302882054937072, 0.02365610221750103, 0.022317559611110482, 0.024249437054095324, 0.023242760289576836, 0.02257927156460937, 0.02462479970563436, 0.021590367221506312, 0.021914276221650653, 0.0217948730714852, 0.02342656396649545, 0.02238303417834686, 0.021444981277454644, 0.022686939249979332, 0.021759541712526698, 0.02207356796861859, 0.021424545971967746, 0.02154066334333038, 0.022328395243675914, 0.021996501382091083, 0.02439525215595495, 0.02027193349204026, 0.021043389839178417, 0.020045204204507172, 0.02008591848425567, 0.019774353531829547, 0.01970843675371725, 0.02125048390007578, 0.022213244272279553, 0.019399843477003742, 0.019416415132582188, 0.02035841325414367, 0.019777670364419464, 0.022670955571811646, 0.01929631740495097, 0.01905972124222899, 0.018727351067354903, 0.01848521154897753, 0.019372132468561176, 0.021120565899764188, 0.018677863001357764, 0.018442543128912803, 0.01910477010096656, 0.01896700431825593, 0.017470066457462963, 0.018294693014468066, 0.01765850727679208, 0.01835088741063373, 0.017685452978184912, 0.018849220825359225, 0.01804012225329643, 0.017686000544927083, 0.01734174853481818, 0.017096684627176728, 0.01798918993154075, 0.01718097712000599, 0.01911386556457728, 0.01728060883033322, 0.016623741255898494, 0.01849284281342989, 0.017831194563768804, 0.017727746402670164, 0.016740666003897786, 0.017391245601174887, 0.01593565756775206, 0.015961267476086505, 0.018865935649955645, 0.01739252566039795, 0.016216981573961675, 0.016237715128227137, 0.01843790156272007, 0.015583006104861852, 0.016681987297488376, 0.01690725648222724, 0.01594378845038591, 0.015798733053088654, 0.016081482710433193, 0.01546203556790715, 0.015891153569100425, 0.016228648666583467, 0.015099041920620948, 0.015138416769332252, 0.015420996271132026, 0.01683239622070687, 0.01616681808809517, 0.01572347131150309, 0.017546394650707953, 0.014884367825288791, 0.014720889768796042, 0.01430795996566303, 0.015183365896518808, 0.014929085955373012, 0.014014599830261432, 0.014625447431171779, 0.014854314096737653, 0.014193621555023128, 0.01392741267409292, 0.014716304503963329, 0.016840665659401566, 0.014811141343670897, 0.016656908628647216, 0.014224965183530003, 0.015627161228621844, 0.013811817145324312, 0.013867308291082736, 0.014423532938963035, 0.014088859716139268, 0.013665170365129597, 0.013553997006965801, 0.017119973941589706, 0.01297704002718092, 0.01381491336360341, 0.013032926013693213, 0.013931405981566058, 0.014623525203205645, 0.012919600969325984, 0.013332856604392873, 0.01326431578854681, 0.013380018961470341, 0.012873791791207623, 0.014362638808961492, 0.015850249852519482, 0.01344909290492069, 0.012335038896708284, 0.014038150238775415, 0.012942212739289971, 0.013131238407368073, 0.012942140583618311, 0.012423161588230869, 0.013354135327972472, 0.012345436323812464, 0.012880436170235043, 0.014791241017519496, 0.01229199099179823, 0.012495812094130088, 0.011786888495407766, 0.012969615032488946, 0.012207576233777218, 0.012310911100939848, 0.011571216185984667, 0.012638810610951623, 0.011980674833466765, 0.011971180105319945, 0.012570383929414675, 0.012058082873409148, 0.011719556314346846, 0.011712899537087651, 0.012121376756113023, 0.011976589317782782, 0.016340895599569194, 0.012153271167335333, 0.011680840558256023, 0.011578053916309727, 0.011197579093277454, 0.012413902706612134, 0.012750706766382791, 0.012928357944474556, 0.010975042285281233, 0.01153845224325778, 0.01161446961123147, 0.012488996555475751, 0.011112727592262672, 0.012079031599569134, 0.01116162939433707, 0.012783784859493608, 0.011337134539644467, 0.011091980093624443, 0.012382970973703777, 0.012993512977118371, 0.01254807406803593, 0.010368915620347252, 0.011438328183430713, 0.01115741977992002, 0.010554084612522274, 0.010857940153073287, 0.010546151435846696, 0.01096129629877396, 0.015130864179809578, 0.010999600461218506, 0.010362506429373752, 0.011935846192500321, 0.010827349047758617, 0.01043123573253979, 0.012655943166464567, 0.0192022832998191, 0.010299584981112275, 0.010596091055049328, 0.010182689409703016, 0.009699799862573855, 0.00987802272720728, 0.010311606885807123, 0.012486315154092154, 0.009698245361505542, 0.012947311079187784, 0.009898958400299307, 0.009749166005349252, 0.009884232149488525, 0.010442608123412356, 0.0099741355770675, 0.011744846695364686, 0.010174616389122093, 0.009762615864019608, 0.009807609578274423, 0.01029845881566871, 0.011589284084038809, 0.00954122187977191, 0.01416030068139662, 0.009607517131371424, 0.01003256368858274, 0.009304224709921982, 0.011125075045129051, 0.009638664945669007, 0.010361431475757854, 0.00974656867037993, 0.010127608104085084, 0.00977978221635567, 0.01010613061953336, 0.0109113307462394, 