{"recall": 0.7664507836060711, "precision": 0.7947973993818647, "f1": 0.7739336432869726, "loss": [0.47698843479156494, 0.28444508311804384, 0.20791285147424787, 0.17565575090702623, 0.15441746881697327, 0.1391264072735794, 0.12755689647747204, 0.12003009073669091, 0.11444634146755561, 0.1084539761650376, 0.10415444773389027, 0.10058505012420937, 0.09722380939638242, 0.09474813670385629, 0.09270267433021218, 0.0901206165435724, 0.08800691145006567, 0.08714100858196616, 0.08490618522046134, 0.08284657931653783, 0.0810603454883676, 0.08041390962898731, 0.07800003755255602, 0.07650190239655785, 0.07552034078980796, 0.07570189979742281, 0.07276650593848899, 0.07174808825948276, 0.0718329347728286, 0.06972755791503005, 0.06924603233346716, 0.06697570235701278, 0.06639633575105108, 0.06563269044272602, 0.06507631347631104, 0.06336886010831222, 0.06268993043340743, 0.062145839765435085, 0.0606291824078653, 0.06011222966481, 0.05899136813241057, 0.05818613720475696, 0.05846654751803726, 0.05753753462340683, 0.056158388761105016, 0.056354568630922586, 0.05488620846881531, 0.05426172321313061, 0.05397773743607104, 0.05220267522963695, 0.05196792946662754, 0.051167855330277234, 0.05210148831247352, 0.05011900098179467, 0.049142981733893976, 0.05093504651449621, 0.048288752353983, 0.048787916981382295, 0.04788656861637719, 0.04680341205676086, 0.047695001208921894, 0.046492840483551845, 0.045345040620304644, 0.045327280182391405, 0.04535012078122236, 0.04418329038890079, 0.043408130659372546, 0.04331829685543198, 0.04298324143746868, 0.04227726273529697, 0.04285952975624241, 0.041286544568720274, 0.04390175733715296, 0.04083893659117166, 0.04180268064374104, 0.04034974976093508, 0.0395967193035176, 0.040310225827852264, 0.03928948339307681, 0.03968599379004445, 0.0385131191869732, 0.037546114370343275, 0.037126062976312824, 0.037467858026502654, 0.03698400360008236, 0.03656770473753568, 0.036605410161428154, 0.03611094201914966, 0.036799787791096605, 0.035465363194816746, 0.03518415587313939, 0.035325213728356175, 0.034202397815533914, 0.03433106612646952, 0.03391115594422445, 0.03313634236110374, 0.033748228204785846, 0.03254323187866248, 0.03858116993797012, 0.0333240999316331, 0.032459428926813416, 0.03281466185580939, 0.03147366955818143, 0.032132005639141425, 0.03158350003650412, 0.030779447522945702, 0.031785812810994685, 0.03126324054028373, 0.030347027655807324, 0.030173788385582156, 0.03217275634233374, 0.029253081855131313, 0.030151433296850882, 0.030106151054496877, 0.029521060627303086, 0.029032778285909444, 0.03112804725242313, 0.028812118063797243, 0.0283677221450489, 0.02805087222077418, 0.02874061686452478, 0.027817426045658067, 0.027370271782274358, 0.027135051612276584, 0.02674788041622378, 0.02664374744927045, 0.029039342116448097, 0.027208146944758482, 0.026411651997477747, 0.028011712012812495, 0.0267816277773818, 0.02703810496313963, 0.02701281147892587, 0.026516626043303404, 0.02522174097248353, 0.0257954948610859, 0.02525384890032001, 0.02507838401652407, 0.02525034341670107, 0.024821714410791174, 0.024745001472183503, 0.025119232333963737, 0.02519785481854342, 0.024374479944526684, 0.02331248504196992, 0.02393520159239415, 0.024132332735462114, 0.024310954184329603, 0.028201508524944074, 0.023552132872282527, 0.02345788717502728, 0.02288897715334315, 0.023745843223878182, 0.022483392793219537, 0.022551942434802186, 0.022089739046350587, 0.02310767072776798, 0.022114518425951246, 0.02320797389256768, 0.025525116296194028, 0.02148868134827353, 0.022005420629284345, 0.02201808138488559, 0.021459368806972634, 0.021164385791053064, 0.02085537517996272, 0.023113610346626956, 0.021526106662349775, 0.02035608928417787, 0.022120943605841603, 0.02045459923829185, 0.021558485583227593, 0.02014790755492868, 0.02078728323249379, 0.02016464307962451, 0.020784022002771962, 0.02249155696335947, 0.019515541760483757, 0.01995605800766498, 0.019151547508954536, 0.018862745906517375, 0.0197814517232473, 0.022505865010316484, 0.020726495567942038, 0.020913990774715785, 0.01844864598388085, 0.018145144073059782, 0.018635223423189018, 0.01842752718948759, 0.02078142771642888, 0.017898273188620806, 0.01829427205666434, 0.018565680598840117, 0.018438561688526534, 0.018585047000669874, 0.018312435298867058, 0.01855087025614921, 0.018237678028526716, 0.02225984037067974, 0.017969187145354226, 0.018416453902318608, 0.01782573511445662, 0.017923332459758967, 0.017674916634859983, 0.017046702887455467, 0.01742328212276334, 0.017007469024974853, 0.0190654274483677, 0.017067299369955435, 0.016477382225275505, 0.01929008487786632, 0.016658463020576164, 0.019233394748880528, 0.01615682806732366, 0.017454035049013328, 0.01628996017097961, 0.016243865262367763, 0.01922784659836907, 0.017597827849385794, 0.016290039602608886, 0.015536751823674422, 0.017081933314329945, 0.015928836168313865, 0.015452770829142537, 0.015682197255955543, 0.015677688548748847, 0.01566578054917045, 0.016049683690653183, 0.015459463880688418, 0.01991325504059205, 0.015429346458404325, 0.014970315583923366, 0.015600601444020867, 0.015431649146194104, 0.016352523467503488, 0.015263751949532889, 0.014593674030038528, 0.015104641788639128, 0.014617247779824538, 0.014274436216510367, 0.014654035978310276, 0.016848997125634924, 0.016374063314287923, 0.014631372687290423, 0.014008841859322274, 0.014124188870482612, 0.019896097877790453, 0.014026069860847201, 0.013996724654134596, 0.01508183877740521, 0.013866932116798125, 0.013788140942779137, 0.01398654477816308, 0.014387676303158514, 0.014159476486383937, 0.013999145667185076, 0.013711106355913216, 0.013650525637785904, 0.017214470892213285, 0.014178078090480994, 0.013259627510706196, 0.013619769124488812, 0.013515814884158317, 0.013726225199206965, 0.013773067184956744, 0.014341568854433717, 0.01338074536761269, 0.015219338787574088, 0.014221448305761442, 0.013063314007013105, 0.01406923299873597, 0.013259291714348365, 0.016137099333718652, 0.013447841498418711, 0.013256937705591554, 0.012975089251995087, 0.014045855208678404, 0.015136525835259818, 0.01259891816516756, 0.01232458719459828, 0.012591011633048765, 0.012958244151377585, 0.013410991563432617, 0.012039174212986836, 0.01187239706996479, 0.012884044728707522, 0.01239807614183519, 0.013092568478896283, 0.012752479720802512, 0.012164408537501004, 0.012289570357097546, 0.011930136915907497, 0.012390796633553691, 0.01172707722071209, 0.013170393147447612, 0.013962755976535846, 0.011990589937340701, 0.011492623580124928, 0.012623646282008849, 0.011728790141205536, 0.011498327734443592, 0.011766183630243177, 0.011892411625012755, 0.011750760189897846, 0.01137691902476945, 0.0124772048475279, 0.012878419118351303, 0.011740638139599469, 0.01118468024287722, 0.012637040817935485, 0.011526192869496299, 0.011799337673437549, 0.013704293458431493, 0.011019142304576235, 0.012212490270030685, 0.011210293167096097, 0.01092324087585439, 0.011592432212637505, 0.01086300699171261, 0.01252701904377318, 0.01083703659242019, 0.011047593492548913, 0.01164278502255911, 0.010425415501231328, 0.01110775895358529, 0.010889770488574868, 0.013598547833680641, 0.01093215924265678, 0.01062723710492719, 0.010781744080304634, 0.010539923183387145, 0.013235774629720254, 0.0109655322303297, 0.012492992991610663, 0.011960540658037644, 0.010912852980254684, 0.013641216417454416, 0.010285397256666329, 0.01318047561289859, 0.009926223232469056, 0.010280500191583997, 0.010298256311216392, 0.012441455663065426, 0.009915598486259114, 0.010467867024999578, 0.009796328460652148, 0.01132329950996791, 0.010450611509440932, 0.010325183553504758, 0.010431099221023032, 0.01043184725131141, 0.010004218474932713, 0.010541271167312516, 0.010160483878280502, 0.010499396837985842, 0.012807501407223754, 0.010494856938748853, 0.01648310540986131, 0.009525904901238391, 0.011540292394784046, 0.009422268307389459, 0.011283090039796662, 0.009205097168887733, 0.010477701624040492, 0.009558707901305752, 0.01128069916376262, 0.00925718886719551, 