{"recall": 0.757007959657883, "precision": 0.7684004746795497, "f1": 0.7567888608466234, "loss": [0.4738656310364604, 0.2691443362273276, 0.21077531564515084, 0.18427539407275617, 0.1657636541640386, 0.1518225239124149, 0.14175914420047775, 0.13333312928443775, 0.12708616734016687, 0.12149894674075767, 0.11648084805347025, 0.11439425579737872, 0.10893486603163183, 0.1081487504998222, 0.10370025743031874, 0.10143248020904139, 0.0996859839069657, 0.09796652046497911, 0.09545684792101383, 0.09394002996850759, 0.0919137594755739, 0.09057141275843605, 0.08906604402000085, 0.08748357120202854, 0.08575120085151866, 0.08426975668407977, 0.08284444391028956, 0.08162688347510993, 0.08029421448009089, 0.07990844020969234, 0.07891638591536321, 0.07872122080880217, 0.07770940713817254, 0.07574257533997297, 0.0740108436148148, 0.07359942130278796, 0.0723955932771787, 0.0717705009446945, 0.07160073867999017, 0.06983944826060906, 0.06883530603954569, 0.06767353808390908, 0.06761517573613673, 0.0669316113635432, 0.06602496560662985, 0.0650788193452172, 0.06397586784441955, 0.06408768391702324, 0.0642060216050595, 0.062369304709136486, 0.06184318827581592, 0.061257649766048416, 0.06091287769959308, 0.061325672548264265, 0.059825026168255135, 0.059101125138113275, 0.058018655981868505, 0.05910678274813108, 0.059512543346500024, 0.057542047288734466, 0.05560446289018728, 0.056793422263581306, 0.056303254852537066, 0.055350478301988915, 0.05482072406448424, 0.05412421131040901, 0.05257990141399205, 0.05297812889330089, 0.05295504885725677, 0.052494908653898165, 0.05196609173435718, 0.051608818175736815, 0.05061531125102192, 0.050623277929844335, 0.049983415025053546, 0.04897603631252423, 0.050092221033992246, 0.04920757201034576, 0.04875471940613352, 0.04814581148093566, 0.04793837582110427, 0.04644998788717203, 0.04624691361095756, 0.04597484914120287, 0.045218786006444134, 0.04574041982414201, 0.04501960249035619, 0.04463396652135998, 0.043767129274783656, 0.043854479750734754, 0.04288668376102578, 0.04313082556473091, 0.043697317378246225, 0.043475174708873965, 0.04262327674950939, 0.04306889641156886, 0.041740633139852434, 0.042013033671537414, 0.04097602759429719, 0.040555932544521056, 0.04167992094880901, 0.041027092331205495, 0.04068312833260279, 0.03891201950318646, 0.04015289143717382, 0.0389846351754386, 0.03948934891377576, 0.039108609897084534, 0.03976393523043953, 0.03784885385539383, 0.03770040473318659, 0.03782989976753015, 0.037581682510790415, 0.03611042060947511, 0.03724434255855158, 0.03601334041741211, 0.03700774196477141, 0.03738861170131713, 0.0354239762382349, 0.03593069418275263, 0.035746876543271355, 0.03552685228351038, 0.036478448106208816, 0.03488573360664304, 0.03448859757918399, 0.03450450381205883, 0.03465590579435229, 0.034563973982585594, 0.033606267694267444, 0.03308102997834794, 0.03359979914966971, 0.032865083587239496, 0.032755649197497405, 0.035336770582944155, 0.031265269964933395, 0.031394670862937346, 0.03156740387203172, 0.031556819565594196, 0.030380318334209733, 0.03155904170125723, 0.031701783154858276, 0.030204645241610706, 0.031254173518391326, 0.03199343790765852, 0.029368804360274225, 0.03255993977654725, 0.030950339147238992, 0.029063638881780207, 0.02959521573211532, 0.029304826544830576, 0.029038169188424945, 0.029329264885745943, 0.03009284990548622, 0.028335899420198984, 0.030318061282741837, 0.02977024990832433, 0.02823976063518785, 0.028068195475498214, 0.027102735766675323, 0.02784348526620306, 0.02920096303569153, 0.027527301950613037, 0.0277622665889794, 0.027977387377177365, 0.026965452285367064, 0.02623356609547045, 0.026317886833567172, 0.026538813959632535, 0.028143171104602516, 0.02588426004513167, 0.026003504579421133, 0.02573921700241044, 0.02639966421702411, 0.02511139198031742, 0.026758684354717843, 0.025114653079072013, 0.0242769506003242, 0.026934186251310166, 0.025007452321005985, 0.0258163185644662, 0.02601462152961176, 0.02361139668209944, 0.024447466945275664, 0.024849767214618623, 0.023447570129064843, 0.02416404567338759, 0.025430800167669076, 0.02381614182377234, 0.025010023826325778, 0.02339867414411856, 0.023257093802385498, 0.022602378157898784, 0.023113830349757336, 0.023665404056373518, 0.021971295296680182, 0.022164979884109925, 0.02249859979201574, 0.022328230494167656, 0.023280590612557717, 0.02239831800397951, 0.02286005803034641, 0.021210171740676742, 0.02079317380412249, 0.021395401483459864, 0.020842179597821087, 0.0216232266247971, 0.02142121117503848, 0.02140461855015019, 0.021373345123720355, 0.02080006129835965, 0.021314918260031845, 0.020914636173984036, 0.020980511682864744, 0.02116193179244874, 0.0202440187567845, 0.020139192311035004, 0.020191574360069353, 0.021476540714502335, 0.020987873656849843, 0.019196863613615278, 0.020056966815900523, 0.020833349190070294, 0.018896717207098845, 0.020223308623826597, 0.0204901911347406, 0.01860797789413482, 0.019438357259787153, 0.01826697267824784, 0.019537937550921924, 0.018509618894313462, 0.02038298220577417, 0.01875936778378673, 0.018932296727143694, 0.02311819176247809, 0.020905275938275736, 0.017950909612409305, 0.017641895974520594, 0.019837621264741756, 0.017655072369962, 0.017690026768832467, 0.017523320304462686, 0.017500673784525134, 0.019103595637716353, 0.020209596106724348, 0.017428378232580144, 0.017901182538480498, 0.016820699493109714, 0.016831807151902467, 0.017406230283086188, 0.01813470636261627, 0.017842287714302074, 0.015919917153951246, 0.01696639547299128, 0.01829275472846348, 0.01712304525426589, 0.016143707085575443, 0.0188788549930905, 0.01614101645827759, 0.02174629310320597, 0.016486492364492733, 0.016034281892643776, 0.017512514517875388, 0.015670946952013765, 0.016639407906041015, 0.015412514585477766, 0.015607822140736971, 0.015486977754335385, 0.018267400799231837, 0.014847645343252225, 0.015109053543710615, 0.015419358329381794, 0.015207946373266168, 0.014890589976857882, 0.015862034539168235, 0.015552580160147045, 0.015864964749198407, 0.015771213169500697, 0.015483288167160936, 0.014415234996704385, 0.01714330251706997, 0.01846631377702579, 0.015065023380884668, 0.014921516383765265, 0.016191012087801937, 0.013694576198759023, 0.014554076031345176, 0.016525728744454682, 0.013743360694206785, 0.014307495795947034, 0.014066200725210365, 0.013697574366233312, 0.01506323861394776, 0.014302390613011084, 0.013629423214297276, 0.013836836515110917, 0.014594025931728538, 0.014612576487706974, 0.013850971845386084, 0.013722324212722015, 0.013681737415026873, 0.014469518122496083, 0.015259328392858151, 0.013330623332876712, 0.014090627315454185, 0.01315820273157442, 0.013197074695199262, 0.014920558016456198, 0.012676634745730553, 0.012677640857873484, 0.014085599083045963, 0.012578433517774101, 0.012513119854702381, 0.013290566854266217, 0.012677210455876775, 0.013169120367820142, 0.014545442103553796, 0.013409553324891021, 0.012590959300723625, 0.01263950335123809, 0.012481785255658906, 0.0135016543972597, 0.012316360069235088, 0.011986938890913734, 0.01237148157088086, 0.012140729842940345, 0.012082360477506882, 0.012694499724602792, 0.015336290514824213, 0.011611251342401374, 0.012652010413148673, 0.013580777867900906, 0.011404105851397617, 0.01153836322191637, 0.011767780189984478, 0.011800311800470809, 0.011742954306100728, 0.011367156581400195, 0.011796501821663696, 0.01270882184689981, 0.01226073298312258, 0.011371338110620854, 0.012371158674795879, 0.011751349851692794, 0.011552313320862595, 0.011123248183139367, 0.011472216483525699, 0.01163984892264125, 0.014542378066835226, 0.010628704894770635, 0.011119762049929705, 0.011614943265158217, 0.01177102262590779, 0.010800734315125737, 0.012535507703432813, 0.010709133010095684, 0.014000429819134297, 0.01050383762412821, 0.010128942038136302, 0.01116039766202448, 0.010137696088349912, 0.010594198854960268, 0.0101470274530584, 0.01092558661912335, 0.010340623321098974, 0.010535694083955605, 0.014143047079414828, 0.013852776741259731, 