{"recall": 0.763533890344589, "precision": 0.7687102140134314, "f1": 0.7602349653122608, "loss": [0.4750757683068514, 0.2675827556522563, 0.20797880203463137, 0.1841332984622568, 0.16859496012330055, 0.1546950862975791, 0.1445765466778539, 0.13571570185013115, 0.13039358105743304, 0.12397470243740827, 0.11865425651194528, 0.11508193548070267, 0.11135932354955003, 0.10959565604571253, 0.10658051603240892, 0.10397447180002928, 0.1018143942928873, 0.09889861097326502, 0.09806080936687067, 0.09584653301863, 0.09304389322642237, 0.09234042547177523, 0.09267640725011006, 0.0895871541579254, 0.08740324678365141, 0.08641494123730808, 0.0846121376962401, 0.0838914544438012, 0.0824918468715623, 0.08246050612069666, 0.08018454595003277, 0.08012638456420973, 0.07842441200045869, 0.07735108720953576, 0.0763504573260434, 0.07597013784106821, 0.07466670335270464, 0.07283402147004381, 0.07314766536001116, 0.07248731784056872, 0.07226442103274167, 0.07062641577795148, 0.07000384529237635, 0.06843562819994986, 0.06866708191228099, 0.06782938065589406, 0.06643365914351307, 0.06582707076449879, 0.0664667226083111, 0.06443370247143321, 0.06435934937326238, 0.06361608961015008, 0.06280448162578978, 0.061837725719669834, 0.06133200187468901, 0.060726700961822644, 0.06178829268901609, 0.0591555705468636, 0.05914796871365979, 0.058188128750771284, 0.0576934611890465, 0.05928235882311128, 0.056539184879511595, 0.055785718257538974, 0.055967899825191125, 0.054728956311009824, 0.05513387016253546, 0.0552973082230892, 0.05381707815104164, 0.05366091430187225, 0.05264668053132482, 0.05325629320577718, 0.052937714877771214, 0.05155574262607843, 0.05225215991958976, 0.05106450026505627, 0.0498734260618221, 0.049897891498403624, 0.04935638056485914, 0.04854462912771851, 0.050404191948473454, 0.04876000646618195, 0.04734610006562434, 0.047815474012168124, 0.04678549451637082, 0.046476567280478776, 0.04633330454817042, 0.04678307147696614, 0.04761601175414398, 0.04607234269496985, 0.04575926420511678, 0.04430947490618564, 0.04464578375336714, 0.043575408912147395, 0.04266869627463166, 0.04490398880443536, 0.042684984786319546, 0.043237918929662555, 0.04262772080255672, 0.043210870018810965, 0.04202341160271317, 0.04070429927378427, 0.04117203266650904, 0.041699667810462415, 0.040801870985887945, 0.04166625581274275, 0.04089882809785195, 0.04059668783156667, 0.04008861613692716, 0.03902172567904927, 0.03866001305868849, 0.03871003993845079, 0.0382855578645831, 0.040023903842666186, 0.03776524453132879, 0.037935649379505776, 0.03870912815909833, 0.036952888243831694, 0.037169845832977444, 0.03745234239613637, 0.036276708531659096, 0.037470427429070696, 0.03608952451031655, 0.0391123211447848, 0.03578842197021004, 0.03525202471064404, 0.035980943794129416, 0.034925648928037845, 0.036176206602249295, 0.03521781528252177, 0.035366548341698945, 0.03470808989368379, 0.035691297467565164, 0.033272933651460335, 0.03363789182913024, 0.032933326860074885, 0.03274802373198327, 0.03317101033462677, 0.03234984380833339, 0.032217775617027655, 0.0325182514206972, 0.03252853351295926, 0.032314295138348825, 0.032110022686538287, 0.031634260012651794, 0.030710438659298234, 0.03218716447008774, 0.030947188395657577, 0.031413227537996136, 0.030418109949096106, 0.03169026548857801, 0.030138159898342565, 0.03057115378032904, 0.029673105338588357, 0.029576337401522323, 0.029331045399885625, 0.028871087764855474, 0.02951771875086706, 0.03321285019046627, 0.02827015558432322, 0.02866704158077482, 0.027988103043753654, 0.027684893313562497, 0.028653331653913483, 0.027789134095655754, 0.028264150096219964, 0.026846247739740647, 0.027923282235860825, 0.026570339367026463, 0.026889661676250398, 0.027523887692950666, 0.027436804230092093, 0.027018197550205514, 0.026512377182370983, 0.02659571786352899, 0.026108609017683193, 0.026116008739336394, 0.02658520411932841, 0.026639109957613982, 0.025385014632774983, 0.024966400233097374, 0.02575906037236564, 0.025387970999872778, 0.024715547122468706, 0.02513692576030735, 0.024496060941601172, 0.024236589335487224, 0.024098790061543696, 0.02352377634088043, 0.02540748078172328, 0.024444506016152445, 0.024545942942495458, 0.024923667588154785, 0.023817289351427462, 0.023217315210786182, 0.023577646730700508, 0.023096899480151478, 0.02285299733193824, 0.0229418538583559, 0.023223515054269228, 0.023700337260379456, 0.02213333122926997, 0.023531313418061472, 0.022545247455127537, 0.02292431003297679, 0.022818363962869626, 0.023688315006438643, 0.021452659333590418, 0.022126942356408108, 0.021797251160023734, 0.021636474346450996, 0.021326423571736086, 0.02118285614415072, 0.02163670119625749, 0.021568770447629504, 0.02158551913453266, 0.024564935454691295, 0.020606181540642865, 0.023423451420967467, 0.020969163306290284, 0.020755202684085816, 0.020874202156846877, 0.019657545795780607, 0.02033115921949502, 0.020256905343558174, 0.02098037989344448, 0.020301647324231453, 0.019720769523701165, 0.019825989642413333, 0.020711075318104122, 0.018981218643602915, 0.019256548228440806, 0.019225246498535853, 0.02396676642820239, 0.018917274283012375, 0.01922388391540153, 0.022923464872292243, 0.01842450408730656, 0.01866420770966215, 0.01938662577595096, 0.018380607616563793, 0.018162349741032813, 0.018901962248492055, 0.018952772494230885, 0.01816967761988053, 0.01964653244795045, 0.01778956716589164, 0.018611557883559726, 0.019244608956796583, 0.017916813056217507, 0.018841192802938167, 0.018127234041457996, 0.017927692584635224, 0.017997194452618714, 0.018276854811119847, 0.01754222069575917, 0.019078227174759377, 0.016853053522936534, 0.01694612506980775, 0.016622460178041365, 0.016769142443081364, 0.0178490198450163, 0.017019170300045516, 0.01680313595716143, 0.018198009180196095, 0.017565590220328886, 0.016042833027313463, 0.01824206286983099, 0.016736047560698353, 0.01711419083585497, 0.017154392146039754, 0.017955150215129834, 0.015988273378752638, 0.016193968265724834, 0.01717872537119547, 0.016483081475598738, 0.015243987436406314, 0.016330654500052333, 0.01577999926666962, 0.015283328655641526, 0.015732513915281743, 0.019086139087448828, 0.01548291953804437, 0.0152975227611023, 0.01469516805082094, 0.017118656796810683, 0.01661008712108014, 0.014892463652358856, 0.015212438680464402, 0.014173443010804476, 0.015079004151630215, 0.014736547498614527, 0.014784782892093062, 0.015236120903864503, 0.015327430628531147, 0.014790833483857568, 0.014803527832555119, 0.015646366955479607, 0.014838275048532523, 0.015352965201600455, 0.014095163642195985, 0.014450799666519742, 0.013866785375284962, 0.01409602070634719, 0.014420432249607984, 0.014659251188277267, 0.015392186691315146, 0.013954747650132049, 0.014529995256452821, 0.013841757408954436, 0.022100638649135362, 0.013958713570900727, 0.013907813467085361, 0.014410734718694584, 0.013108644488966092, 0.013138119556970196, 0.014349170938658062, 0.013763708629994653, 0.013311455026268959, 0.013377747898630332, 0.013243278306617867, 0.01278445453135646, 0.013433193176751956, 0.013078435462375637, 0.013163314964913297, 0.01359798102203058, 0.017125662743637804, 0.01270271042449167, 0.012937430557940388, 0.01233094475173857, 0.01241004086114117, 0.012471586764149833, 0.012881399674370186, 0.013267451449792134, 0.013095320413412992, 0.012057347372319782, 0.013208854674303439, 0.012282649578992277, 0.01354901168087963, 0.01198497402947396, 0.013037543005339103, 0.012860877410275862, 0.017574375480762683, 0.011687490372423781, 0.011961559670453425, 0.011797139639384113, 0.011589361722144531, 0.011741414691641694, 0.01206352836015867, 0.01241224370096461, 0.013282684893056285, 0.012473277201934252, 0.013238764317065943, 0.011628910626313882, 0.01165060276252916, 0.01591453883156646, 0.010938651725155069, 0.011763983871787786, 0.011881220951181604, 0.012258442849997664, 0.011815830064733746, 0.011425329106714344, 0.01112156923773, 0.014309866037365282, 0.015040553120343247, 0.012183374390588142, 0.013462259779771557, 0.014766284981305944,