{"recall": 0.7720868146536807, "precision": 0.7788226288653494, "f1": 0.7712274662738685, "loss": [0.4746771203354001, 0.27389672223944217, 0.2143776841694489, 0.18669843766838312, 0.16934628994204104, 0.15600623935461044, 0.14569737517740577, 0.13659987470600754, 0.13014677312457934, 0.12519575213082135, 0.11978632991667837, 0.11569074605358765, 0.11221256444696337, 0.10886944393860176, 0.10641145519912243, 0.10294152109418064, 0.10081888682907447, 0.09813328081509098, 0.0971509829396382, 0.09453008504351601, 0.09319954516831785, 0.09189327451167628, 0.09039342118194327, 0.08792233734857291, 0.08712988568004221, 0.085857686935924, 0.0844280673773028, 0.0825597969815135, 0.08208365167956799, 0.0813143226550892, 0.07942050346173346, 0.07812665918027051, 0.07731402470380999, 0.07658913379418664, 0.07526978282839991, 0.07495470467256382, 0.07330897144856863, 0.07390838730498217, 0.07251070637721568, 0.07134251546813175, 0.07004832677193917, 0.06925505827530287, 0.06859489908674732, 0.06742604094324633, 0.0668707771692425, 0.06621438264846802, 0.06591148904408328, 0.06493257818510756, 0.06681733773439191, 0.06292912049684674, 0.06273007241543382, 0.06285395953455009, 0.060956481989705935, 0.06188234087312594, 0.06147907706326805, 0.06056965043535456, 0.05921313090948388, 0.058860146964434534, 0.05800417100545019, 0.058631031948607415, 0.05676536582177505, 0.05694777253665961, 0.0567055037827231, 0.056846188759664074, 0.055158771778224036, 0.05602798468316905, 0.05478369467891753, 0.05355399346444756, 0.05267733309301548, 0.05352679963107221, 0.05259285299689509, 0.05131215549772605, 0.05152039334643632, 0.050986117916181684, 0.050577752641402185, 0.05084140627877787, 0.050691871059825644, 0.04937883926322684, 0.049149966187542304, 0.04858504151343368, 0.04877020153799094, 0.047828038077568635, 0.04762754082912579, 0.04759424345684238, 0.04631366804824211, 0.04717166625778191, 0.046640798915177584, 0.0457938649924472, 0.044567584089236334, 0.046229004190536216, 0.04529509271378629, 0.044671006355201825, 0.04421703670232091, 0.04419497976778075, 0.043149910314241424, 0.04355607808975037, 0.042333367018727586, 0.042769416977535, 0.04172970226500183, 0.04155156351043843, 0.04114206583471969, 0.04219874364207499, 0.04145702687674202, 0.041499404091155156, 0.04101212212117389, 0.039283323523704894, 0.039661323055042885, 0.03965461782354396, 0.03887222694174852, 0.04049356494215317, 0.03796475278795697, 0.03719963128969539, 0.03945047584420536, 0.03884128677600529, 0.03762503569305409, 0.036580664818757214, 0.037966154210153036, 0.037266363127855584, 0.03641323449846823, 0.036250285964342766, 0.037991397839505225, 0.03622136198100634, 0.03609536276781, 0.0350969927967526, 0.03787169932911638, 0.03640415194968227, 0.03498727426631376, 0.03397418587701395, 0.03439216750848573, 0.03437788427982014, 0.03456842490413692, 0.0340652325830888, 0.0333870631584432, 0.032869664530153386, 0.03305447856837418, 0.033145865600090474, 0.03258976375218481, 0.03286269995442126, 0.032978524061036296, 0.03217943463823758, 0.03272585975355469, 0.03135457770258654, 0.033937203043024056, 0.0314915981143713, 0.031038294138852507, 0.0323103298433125, 0.03009654933703132, 0.031064429014804773, 0.030196543913916685, 0.029955558056826703, 0.030466731637716293, 0.029247507147374563, 0.030280603154096752, 0.02934620030282531, 0.029729740504990332, 0.03057666154927574, 0.02821399681852199, 0.028194978600367904, 0.028357689749100246, 0.028869445828604512, 0.029625126684550196, 0.028208651550812647, 0.028412027342710644, 0.028056518320227042, 0.02764677164668683, 0.027252920292085037, 0.028473947604652494, 0.028680324845481664, 0.02814494007907342, 0.02744793151214253, 0.025945533358026296, 0.026363633587607183, 0.02588160477898782, 0.02638272920739837, 0.02564835322846193, 0.025626335453125648, 0.02562099559145281, 0.027447245753137395, 0.02532335394062102, 0.026121831542695872, 0.025857108543277718, 0.02763712480373215, 0.025618419880629517, 0.024964742609881796, 0.02469914210087154, 0.0244450482641696, 0.024279388482682407, 0.024035700073000044, 0.02652646627393551, 0.023485031677410007, 0.024524600827135146, 0.024651209809235297, 0.023584730573929846, 0.022741136628610548, 0.023866169838584028, 0.023185725993243977, 0.022856030918774195, 0.02274851237598341, 0.02418289228080539, 0.023695773794315755, 0.023195227353426162, 0.022251432135817595, 0.021895913989283144, 0.02261631367582595, 0.022359060902090278, 0.024435696359432768, 0.022523539126268588, 0.021524814786971547, 0.023919857194414362, 0.02182518658810295, 0.022502399733639322, 0.021233172235952225, 0.022940063994610682, 0.02103674035606673, 0.020814100877032615, 0.02295476580184186, 0.02149301289318828, 0.020948712102835998, 0.02089337540382985, 0.02167120042577153, 0.02003508545749355, 0.02186447066924302, 0.02044185206614202, 0.021755114416009746, 0.02069281580770621, 0.021765520272310823, 0.01989452090492705, 0.01969584591279272, 0.019678076554555446, 0.019505912969179917, 0.01986507254332537, 0.019031168310903013, 0.020223605934006628, 0.01913718961441191, 0.020373201892653015, 0.021963921877613757, 0.01848905252700206, 0.01864370586554287, 0.018726708185567986, 0.01898898177751107, 0.018702547095017508, 0.018576823225885164, 0.018142416898626834, 0.01811924056528369, 0.01804993018595269, 0.01828398694487987, 0.017509651472209953, 0.021919947175774723, 0.017702358250971884, 0.01999599348346237, 0.019144069876347203, 0.018386897128948476, 0.01746646736864932, 0.019324036795296706, 0.016885309531062376, 0.01798662012151908, 0.019152161650708877, 0.016613594787486363, 0.019606482121162117, 0.016695031939889304, 0.016794187817140482, 0.01696600398281589, 0.016609913982392754, 0.01766617722751107, 0.01630968425888568, 0.01685975781583693, 0.015905127649602946, 0.01675202739716042, 0.0165253565646708, 0.0176810026896419, 0.016472763869387563, 0.016498162265634164, 0.01589757259353064, 0.016865100704308134, 0.015920485791866668, 0.01592955858359346, 0.01671570915641496, 0.015818614774616435, 0.018781191000016406, 0.015664561724406667, 0.016336489024979528, 0.018503003448131494, 0.014545429148711264, 0.015407815903017763, 0.014645728115283418, 0.01582355736172758, 0.01442221082834294, 0.015091463894350454, 0.014489598979707807, 0.015160597762587713, 0.014715644269017503, 0.015082795493071899, 0.014279053935752017, 0.01578282543050591, 0.014424002161831595, 0.013815423793857917, 0.01425382481829729, 0.014589478698326275, 0.017064074585505296, 0.016775132244220003, 0.014362630725372583, 0.01354043295214069, 0.013482518137607258, 0.01398120690282667, 0.01637312853563344, 0.015907053639239166, 0.013016093660553452, 0.013868685622583143, 0.013781111207208596, 0.016989355062833056, 0.012971905878657708, 0.01276170263736276, 0.013636050440254621, 0.014302775700343773, 0.013677420229214476, 0.013690160580154043, 0.013393860492215026, 0.014729205227922648, 0.015107910385268042, 0.01282418126356788, 0.014429815106268506, 0.01288295841368381, 0.012389058287226362, 0.01284854667756008, 0.012743543724354822, 0.013367671192099806, 0.019233116465329658, 0.012450619200535584, 0.012423757409123937, 0.01299625402316451, 0.012490427761804312, 0.01228902253205888, 0.016197738943446893, 0.012505983882874716, 0.013438923204375897, 0.01265916699776426, 0.012293605235754512, 0.012094558034732472, 0.012305298278079135, 0.011719284641003469, 0.014122770033281995, 0.011646747607301222, 0.012871838156570448, 0.012145273438363802, 0.012059454096743139, 0.012141426854213933, 0.011669330255244859, 0.011736879157979274, 0.012874732386990217, 0.012244480127264978, 0.011699640614097007, 0.012235494214110076, 0.01208947817212902, 0.0115850071888417, 0.01143862053140765, 0.015519813136052107, 0.011850816244987072, 0.011227622144360794, 0.011773046771850204, 0.012156123837485211, 0.010683613534638425, 0.011647117371467175, 0.0107736146710522, 0.011758791228203336, 0.011109311548352707, 0.014218049112969311, 0.011162958326167427, 0.010900260600465117, 