{"recall": 0.729413848586782, "precision": 0.777127710844829, "f1": 0.7375970159307543, "loss_list": [0.47848498676903545, 0.28595934570766984, 0.21776323141530157, 0.18542699704412371, 0.16483833694364874, 0.14958212978672236, 0.13836861460004002, 0.13024541487684474, 0.12403311313828454, 0.11814424052136019, 0.11310100695118308, 0.10967942210845649, 0.105610868439544, 0.10307324829045683, 0.09991025389172137, 0.09704397675814107, 0.0944046582095325, 0.0926285517285578, 0.09065062832087278, 0.08822899317601696, 0.08621153474086896, 0.08495633890852332, 0.08338263698969968, 0.08098003230406903, 0.07935065328492782, 0.07808968167519197, 0.07659997863811441, 0.07510244842269458, 0.073801630520029, 0.07282207705429755, 0.07135864802985452, 0.07014773900154977, 0.06868819505907595, 0.06787711507640778, 0.06683732433593832, 0.06609862700570375, 0.06454956192173995, 0.06369294863543473, 0.063157184823649, 0.061824230704223736, 0.060870918806176635, 0.0596539335208945, 0.05959583515068516, 0.0584784546517767, 0.05738105121999979, 0.05712495732004754, 0.05598261280101724, 0.055212856485741216, 0.055502883612643925, 0.05352176004089415, 0.05306164891226217, 0.05233140548225492, 0.052034921490121636, 0.051236915326444435, 0.05067547662765719, 0.05035277643473819, 0.049632331472821534, 0.048894970255787484, 0.048370948611409406, 0.04768416007864289, 0.047259948862483726, 0.047794268518919124, 0.04619571951625403, 0.045734011716558595, 0.04522404463496059, 0.04471868353430182, 0.044077973754610866, 0.04439325036655646, 0.043236641972907816, 0.043241169114480726, 0.04237731083703693, 0.042108261532848704, 0.04197631600254681, 0.040836727112764495, 0.04098597948323004, 0.0404501881392207, 0.04053449126076884, 0.03988607565697748, 0.039389464163105, 0.038782999364775604, 0.03880685079202521, 0.038158951539662665, 0.037543133439612575, 0.037276152757112865, 0.03684964177373331, 0.03680918810714502, 0.037265266620670444, 0.03617712276754901, 0.03599443824205082, 0.03545780220010784, 0.03521130946755875, 0.0348921845870791, 0.03526881920697633, 0.034291972467326556, 0.033858398185111584, 0.03414475950994529, 0.033789721157518215, 0.03317898215609603, 0.033614398760255425, 0.032652579652494754, 0.03240235629491508, 0.032900193426758054, 0.03194828164996579, 0.03172537336940877, 0.032427210581954566, 0.031005641410592942, 0.03143336000212003, 0.030917412746930495, 0.03085871408111416, 0.03068528878793586, 0.030192395206540823, 0.02956491679069586, 0.0296451069181785, 0.03012965267553227, 0.029231555372825825, 0.02888301391794812, 0.029737580748042093, 0.02966413788963109, 0.028073952975682916, 0.029170756551320665, 0.028571168454072905, 0.028133123414590955, 0.027456640564196277, 0.02783168816822581, 0.027221256159828046, 0.027113553091476207, 0.027038296477985568, 0.02687358087277971, 0.027114360376435796, 0.026734836195828393, 0.026069430538336748, 0.026557314052479342, 0.026603012124542146, 0.025632907846011223, 0.025965702784014867, 0.02532070735760499, 0.025160993789904752, 0.024888032907620074, 0.02470189534651581, 0.025407214570441282, 0.02526106818258995, 0.024469816764758436, 0.024693564664630685, 0.024540266237454488, 0.023596468968025874, 0.024522462461027315, 0.02365233401505975, 0.02327117236418417, 0.02443508392025251, 0.023193455541331787, 0.02291886194725521, 0.02335216873761965, 0.02327910283493111, 0.02292339884006651, 0.023049271502532064, 0.023131716799980495, 0.022609139869746286, 0.02172887301276205, 0.02222269032354234, 0.022329407508368603, 0.022200013838300947, 0.021640146028948946, 0.02202674730360741, 0.02113469336181879, 0.02157987933314871, 0.021324536255269776, 0.0218049078801414, 0.020958903557038867, 0.021239464581594803, 0.021184028634161224, 0.020519589085597544, 0.021095784415956588, 0.02024300918710651, 0.0200695601728512, 0.02063448464614339, 0.02073904392455006, 0.02073735352169024, 0.019916985115560237, 0.019976703816791997, 0.01946905090298969, 0.019317898685403633, 0.020101276549394243, 0.02111032469983911, 0.01942710331059061, 0.019116244617907795, 0.018974305235315115, 0.01912322558928281, 0.018672723683994263, 0.01893518787546782, 0.018923489123699254, 0.018494669832580257, 0.019201436277944593, 0.018320308394322637, 0.018844734186131973, 0.017952307518862655, 0.018279247581085657, 0.01810722258524038, 0.017934176471317186, 0.018998810583434535, 0.018228556317626498, 0.01792364873253973, 0.01742293942370452, 0.017449748163926415, 0.01728856338595506, 0.017403036854375387, 0.017513706302270293, 0.017551585129695013, 0.018129701050929724, 0.018177743174601347, 0.01720749073283514, 0.017592178336053622, 0.01651029513668618, 0.01705062980618095, 0.016448843483522067, 0.017061188168008813, 0.016962333708943334, 0.016843874954793135, 0.017611036881862673, 0.01692190938920248, 0.01637720918515697, 0.016984056832734497, 0.016637050776625983, 0.016254468102124518, 0.0160202407198085, 0.015595360923180123, 0.01587657407944789, 0.01531223333950038, 0.01587442802556325, 0.016212315918528473, 0.016385296302178175, 0.01563213959307177, 0.015293643009499647, 0.015417355331010185, 0.01677999368912424, 0.01599699948419584, 0.015558375920954859, 0.014845665964821819, 0.016000045387772843, 0.014548825717065483, 0.01504789037790033, 0.015017361420905217, 0.015394854565238347, 0.014917831249476876, 0.015025484449870419, 0.014232636939414078, 0.01435232028743485, 0.015851558859139914, 0.015201686367072397, 0.014748700357449707, 0.014797548158094287, 0.015298486641404452, 0.014232728669594508, 0.014038959817116847, 0.014470203118980863, 0.01459104685636703, 0.013646958747995087, 0.014583033970120595, 0.013657141812291228, 0.014603989694296615, 0.013854456632543588, 0.014212606819637586, 0.0139651248093287, 0.013521400395256932, 0.013497527669096598, 0.013598598678800044, 0.013201080668659415, 0.013849466272222343, 0.01373263596178731, 0.013616984326654346, 0.013430149943451397, 0.013697746964317048, 0.013402100907842395, 0.013369458136003232, 0.013342885871679755, 0.013455862534465268, 0.013367956504225731, 0.013208872146788054, 0.01355593278130982, 0.013716079046571395, 0.013140451780054718, 0.01361362554889638, 0.014547994500026107, 0.012415909655101132, 0.012676685147016541, 0.012821403762791306, 0.013370463798491983, 0.014018216384283733, 0.012363121097587281, 0.01255159247739357, 0.011995712929638103, 0.013142372180300298, 0.012433561253419611, 0.012545651111577173, 0.012084581430826802, 0.012593254051171242, 0.011974804198689525, 0.012125298572937027, 0.01219330190360779, 0.013323519296682207, 0.012310840316058603, 0.0115187891649839, 0.012252149996493244, 0.01161498701039818, 0.012291974454274168, 0.011904485784907593, 0.012135406106972368, 0.011867075692862272, 0.011504261057416443, 0.01161641595317633, 0.01192735062650172, 0.01265877780460869, 0.011978066131268861, 0.011994148718076757, 0.011721352096355987, 0.011833870154077886, 0.011947018117643893, 0.011459362831374165, 0.011748755118605913, 0.011464293438621098, 0.01088333642037469, 0.012132478060811991, 0.011047440622496652, 0.011289817599754315, 0.011055329199734842, 0.011488525578170084, 0.01117593663148, 0.01306808917215676, 0.011395649120095186, 0.010865678168192972, 0.010961445763678057, 0.011782877649238799, 0.010884845342661719, 0.010939396392495837, 0.013408007680482115, 0.010412724580237408, 0.010911999864765676, 0.011913457042101071, 0.011816653208370553, 0.011103486672072903, 0.010981441852345597, 0.011533145223074826, 0.010507648446946405, 0.01162885457961238, 0.010076019736152375, 0.010511393469641916, 0.011754551779449684, 0.010477036369411507, 0.011317200655321357, 0.010229696645546937, 0.010864645748370094, 0.010347401162289317, 0.010492980747949332, 0.010621142215677537, 0.010549003803316737, 0.010033550766456756, 0.012431747898517642, 0.010100251837138785, 0.01094567756881588, 0.010095896205166354, 0.01022494231365272, 0.00970307094103191, 0.01026191073251539, 0.009791734161990463, 0.010215358007553733, 0.010215416497521801, 0.010872690356336534, 