{"recall": 0.7421762990062787, "precision": 0.755076406585531, "f1": 0.7428022969002084, "loss": [0.47765402286313474, 0.28326392883900553, 0.21676340443082154, 0.18392676196526736, 0.16338552616070956, 0.14872633229242638, 0.1375927238841541, 0.1293459182488732, 0.12267059861915186, 0.1177317377878353, 0.11265175451990217, 0.10885638167383149, 0.10530820797430351, 0.10181507800007239, 0.09913249930832535, 0.09515651239780709, 0.09315155050717294, 0.0906082185683772, 0.08870203502010554, 0.0862298475112766, 0.08466255915118381, 0.08336130785755813, 0.0814593359536957, 0.07881339237792417, 0.07772276049945503, 0.07645259241689928, 0.07563400277285837, 0.07332056551240385, 0.07241316395811737, 0.07056473914417438, 0.06924759881803766, 0.06791806666296907, 0.06733509522746317, 0.0665489625534974, 0.06481867303955369, 0.0641322473238688, 0.06294338562292978, 0.06415910582290962, 0.061279614572413266, 0.06100721735856496, 0.05987579596694559, 0.0583419181057252, 0.05852979951305315, 0.05688017961801961, 0.056407554453471676, 0.05532850310555659, 0.05535244572092779, 0.05467467533890158, 0.05542546807555482, 0.05255807493813336, 0.05168215880985372, 0.052469661459326744, 0.050318026944296435, 0.05092362887808122, 0.05120546472608112, 0.049790300778113306, 0.0485714198439382, 0.048137130550458096, 0.047088832390727475, 0.047752216225489974, 0.0458138502726797, 0.04612623556749895, 0.04623300152888987, 0.04576151154469699, 0.04439458847627975, 0.045308187865884975, 0.04380758971092291, 0.04296909939148463, 0.042539436733932234, 0.04273880526307039, 0.04181433955091052, 0.041379027970833704, 0.04100633012421895, 0.04021194312372245, 0.03985297551844269, 0.040487053847755305, 0.039928188794874586, 0.03875914856325835, 0.03825930868333671, 0.03844545056927018, 0.038327392816427164, 0.038076195458415896, 0.03740070523053873, 0.037389287739642896, 0.0362251454644138, 0.03650717731215991, 0.03670825086010154, 0.03562850995513145, 0.034601911655045114, 0.03517806464515161, 0.03596191010728944, 0.03420372851542197, 0.035944336661486886, 0.034567275462904945, 0.033502516482258216, 0.03365620441036299, 0.033419925937778316, 0.03396765289653558, 0.03168993988947477, 0.03223654252360575, 0.03171400052087847, 0.03384368745901156, 0.03185824184038211, 0.031723279258585535, 0.031222392804920673, 0.029965178793645464, 0.030583294719690457, 0.030988607584731653, 0.03036343121493701, 0.030103483819402754, 0.02931805195112247, 0.02883678933721967, 0.030100369374849834, 0.031307026009017136, 0.028869617279269733, 0.028210590200615115, 0.029373684868915007, 0.030711070212419145, 0.02786496096814517, 0.027768336498411372, 0.03052135148027446, 0.02831443263858091, 0.027126073429826647, 0.02748192977742292, 0.027383554057450965, 0.027548642130568624, 0.02688409476832021, 0.02673684124602005, 0.026746249001007527, 0.02570825640577823, 0.025992717826738954, 0.026188269825070165, 0.027254398926743306, 0.024685898119059857, 0.025630704767536372, 0.0250928927998757, 0.025156072108075023, 0.024900655524106696, 0.024953193104011007, 0.0244085829690448, 0.02548638310690876, 0.024817865436489228, 0.025854752500890754, 0.02406775814597495, 0.02343075782118831, 0.025471147571806796, 0.02300891156482976, 0.02358048133464763, 0.022873454276123084, 0.022510516282636672, 0.023325091337028425, 0.022480176849057898, 0.024140134766639676, 0.022773672026232816, 0.022845115498057567, 0.022702338108501863, 0.021753006309154443, 0.021501008966879454, 0.021742755787272472, 0.022007191684679128, 0.022625731879088562, 0.02102586842374876, 0.022844936000183225, 0.02177281598414993, 0.021908745839027688, 0.02046916449762648, 0.021173599860048853, 0.02078864400391467, 0.021150018270418514, 0.02193016748788068, 0.02032572867028648, 0.0203062287037028, 0.019814082683296874, 0.019828048927593045, 0.01955530361738056, 0.019751615400309674, 0.019925112785131205, 0.022249675523198675, 0.01945255624013953, 0.019146629369060975, 0.01992198444349924, 0.02054369985125959, 0.023058533275616355, 0.018753904958430212, 0.018737007594609167, 0.018704640388023108, 0.018625307602633256, 0.01864794186258223, 0.019124230384477414, 0.018029632643447258, 0.01869051554967882, 0.01846992422360927, 0.01845521137875039, 0.01764394228666788, 0.017849129741080105, 0.01803048978035804, 0.01912001681921538, 0.017849303818366025, 0.018950272286019754, 0.01823970260011265, 0.017210369638632983, 0.017386905536113773, 0.016592271742410958, 0.017660643548879307, 0.016651811125484528, 0.017419621523004025, 0.01764536279370077, 0.016927907920035068, 0.019417224648350384, 0.017878708029456902, 0.01770197967562126, 0.016444215587398503, 0.016666780327796005, 0.015945196377288084, 0.016810661181807518, 0.018388662305369508, 0.01662490444869036, 0.01674378425377654, 0.016589839637163095, 0.017077708391298074, 0.015414110290294047, 0.016535317787202075, 0.018049362377496436, 0.015821603490621783, 0.015562168977339752, 0.01567958275700221, 0.014990595191193279, 0.01632127758784918, 0.015754771440697368, 0.015391793109301943, 0.015531237215327565, 0.0154490033746697, 0.01614469927881146, 0.015264637710060924, 0.015475701809918974, 0.017136764494352974, 0.015097470095497556, 0.015129308143514208, 0.01506382357183611, 0.015149507249589078, 0.014579031798348296, 0.014024663869349752, 0.014981975364207756, 0.01460291379771661, 0.0137728608569887, 0.01427745175169548, 0.014530188593198545, 0.0178055232972838, 0.014572177584341262, 0.01607115262959269, 0.015609458554536104, 0.01539649973710766, 0.013707667370908894, 0.014389528143510688, 0.014036940854566637, 0.013526868955523241, 0.013647195126395673, 0.013366672155825654, 0.015095229689904954, 0.012876293330918998, 0.01395532495007501, 0.013243694389529992, 0.013817675437167054, 0.01382403057141346, 0.01284560078784125, 0.012692067750322167, 0.014149820024613291, 0.012890143952972721, 0.013173576455301372, 0.013982167813082924, 0.015462408136954764, 0.013915563231421402, 0.012071271954482654, 0.013737457455135882, 0.012918965345306788, 0.013104025354550686, 0.01349628538810066, 0.012565563072712393, 0.015974804977304302, 0.01286152141619823, 0.013090919390378986, 0.016733880856918404, 0.011836891120765358, 0.01201880763983354, 0.01224431595619535, 0.01313389010465471, 0.011777608779084403, 0.012201858073240146, 0.011771899877203396, 0.012171718532044906, 0.012190693218144588, 0.012262316784472205, 0.011791846340202028, 0.012778568765497766, 0.011786202565417625, 0.01160032029292779, 0.011971509378781775, 0.012169019111752277, 0.016780388985353056, 0.012361458841041895, 0.011419599359214772, 0.010881343518121867, 0.011236710426601348, 0.012311145150306402, 0.011758847507735481, 0.01310601326986216, 0.011111451727629174, 0.0111731964025239, 0.011347775103786262, 0.01157373767637182, 0.01146648983558407, 0.011635392722382676, 0.01163502113922732, 0.01308907895872835, 0.011409725171688478, 0.011636143688519951, 0.012498980795498937, 0.013289447619172279, 0.01092291065651807, 0.01030769987119129, 0.011987703739578137, 0.010885465617320733, 0.010837188168807188, 0.011882879622135079, 0.010584930667391745, 0.010525262972805649, 0.014498714306682814, 0.010902631107455818, 0.01032070906512672, 0.01133415686126682, 0.011020358237146866, 0.010329760942113353, 0.010568024423264433, 0.017353556475427467, 0.010234194553049747, 0.010979436669003917, 0.010155449650483206, 0.009959317339962581, 0.010223745510302251, 0.01016059647736256, 0.014116476890194463, 0.009784189554920886, 0.010706629604101181, 0.009773008798219962, 0.010506006623472786, 0.010142166236619232, 0.010235068570182193, 0.01059592478122795, 0.011216556093131658, 0.010013400140451267, 0.009619138505513547, 0.00982248195214197, 0.010158654251426924, 0.011244484023336554, 0.009664801604230888, 0.012251249900145922, 0.010165333034819923, 0.010252230094920378, 0.009601617392036133, 0.011141307717480231, 0.009718783585412893, 0.010421140323160216, 0.010272581723256735, 0.01011257747086347, 0.01104393127388903, 0.011089879095379729, 0.010798676932608942, 