{"recall": 0.7304231757959264, "precision": 0.7934964548688443, "f1": 0.7434850714019758, "loss": [0.47921782615594566, 0.29104288201779127, 0.22003056318499148, 0.18706243892665952, 0.16736399999354035, 0.15207831660518423, 0.14093511586543173, 0.1334022589144297, 0.12682252912782133, 0.12054099957458675, 0.11580034246435389, 0.11216238501947373, 0.10887886106502265, 0.1047043998260051, 0.10179182514548302, 0.10011467506410554, 0.09577778558013961, 0.09466151485685259, 0.09275014040758833, 0.09024050575681031, 0.0880703671136871, 0.0867197421612218, 0.08535836747614667, 0.08347188349580392, 0.08144819148583338, 0.08008973090909421, 0.0789401022484526, 0.07850749776116572, 0.0751588742423337, 0.07524651853600517, 0.07298014260595664, 0.07197207678109407, 0.07076894419151358, 0.07018526995670982, 0.06938786592218094, 0.06862735038157552, 0.06664540694328025, 0.06537748326081783, 0.06656565438606776, 0.06450651385239325, 0.06249851154279895, 0.06155860165017657, 0.06147667477489449, 0.061345452355453745, 0.05956539753242396, 0.058893382345559075, 0.05795928870793432, 0.05755938155925833, 0.05744288323330693, 0.056239943602122366, 0.05508907666080631, 0.053750038146972656, 0.05420873043476604, 0.05347497566253878, 0.052416146150790155, 0.051710553583689034, 0.05204249729285948, 0.050670297496253625, 0.05086538840259891, 0.04993033633218147, 0.049271915457211435, 0.05079183849738911, 0.0476843937067315, 0.047675975860329345, 0.04721546033397317, 0.04628089244943112, 0.04582680499879643, 0.04619723270297982, 0.04509010388574097, 0.04641662181529682, 0.04405225467053242, 0.04410772639675997, 0.043849274632520974, 0.042703322891611606, 0.04308003111509606, 0.04157865382148884, 0.04465035239991266, 0.04142467415658757, 0.04165757744340226, 0.04082151570764836, 0.040011586737819016, 0.03967796986398753, 0.04031811795721296, 0.03905686497455463, 0.03891034805565141, 0.03989510558312759, 0.03935991649632342, 0.037601430085487664, 0.0378855192248011, 0.037271563240210526, 0.03636477660620585, 0.03737801690294873, 0.03708343820471782, 0.035417242208495736, 0.03584952064557001, 0.03650072590971831, 0.03729773029044736, 0.0350509987474652, 0.034977384653757326, 0.034187681958428584, 0.03388467569311615, 0.034197459055576473, 0.03500849513511639, 0.033399077801732346, 0.036516784341074526, 0.032858910504728556, 0.03271082408900838, 0.03265251342963893, 0.03255065396660939, 0.032464617703226395, 0.03120707867492456, 0.031986986330593936, 0.03163394282455556, 0.03189081001619343, 0.030694690722157247, 0.0310990268480964, 0.03264586583827622, 0.0314973252825439, 0.029946513182949275, 0.029976261081174016, 0.03042605269001797, 0.030631402085418813, 0.028640641496167518, 0.029883600742323324, 0.02899012299894821, 0.02859071381681133, 0.0280244786554249, 0.028565951899508946, 0.02789571044559125, 0.02899744754540734, 0.027881459056516178, 0.028202436413266696, 0.02755322595476173, 0.026883193946559913, 0.03026612637040671, 0.02723590051755309, 0.027673292424879037, 0.026487921466468833, 0.026274821000697557, 0.028619956865441054, 0.027123057152493857, 0.02568811060336884, 0.026470109216461424, 0.0253334872686537, 0.024955242304713465, 0.026989196994691156, 0.024986173491925, 0.024662570845976006, 0.025834968371782452, 0.024467136085149832, 0.023948095593368635, 0.023810865997802466, 0.02423261092917528, 0.024948695368948393, 0.023932247720949817, 0.026685006603656802, 0.024775435049377847, 0.023495842287957203, 0.023416801894200034, 0.022900303920323495, 0.02413883318513399, 0.023213465516164433, 0.023888960262411274, 0.02245461574784713, 0.023265406081918627, 0.022542474587680772, 0.024846500593412202, 0.022110119680291973, 0.02194264339777874, 0.023210921106510796, 0.022859957309265155, 0.023837919856305234, 0.021648797453963198, 0.021324503868527245, 0.021309725336323027, 0.022384651136235334, 0.022236304735997692, 0.02060295966657577, 0.022854337650642265, 0.02257104383170372, 0.02119675624271622, 0.022512268769787624, 0.020313272056228016, 0.02072336193668889, 0.019855635182466358, 0.020645233867981005, 0.021212278879829682, 0.02090327704354422, 0.0195354374445742, 0.01940357430430595, 0.02016975671722321, 0.02293248291243799, 0.019355657714186236, 0.02134722856862936, 0.019203528710932005, 0.019197743793483824, 0.018977544059453066, 0.01934642335254466, 0.020048500773555133, 0.020469515169679653, 0.018691885110456496, 0.01884151636477327, 0.019282713445136324, 0.018568081584817264, 0.020365768476040103, 0.018546448700362816, 0.01837420831725467, 0.01849050135933794, 0.022123231334262528, 0.01795677249901928, 0.018065806616505142, 0.0180802970789955, 0.017604885368200485, 0.01878857528208755, 0.017899744358146563, 0.01861626348545542, 0.017753615735273343, 0.019318601916893385, 0.01752167152153561, 0.01855326470831642, 0.021705455794290174, 0.017081236917874776, 0.017292837204877287, 0.019499407622788567, 0.01676325164589798, 0.018417174600472208, 0.016285261466691736, 0.017124436744779814, 0.01761406959121814, 0.016269392493995838, 0.016814025519124698, 0.017344357002002653, 0.016419417603174224, 0.016063409282651264, 0.016044026961026248, 0.016401372078689747, 0.01582374662393704, 0.02004137678159168, 0.015508498712733854, 0.017291552507231245, 0.018383834314590786, 0.0155530289048329, 0.015386897524876986, 0.015659798409615178, 0.015526161885645706, 0.01568483932351228, 0.01858636060205754, 0.016409812014899217, 0.01557402604521485, 0.015570107629173435, 0.015715549416199792, 0.015225919021759182, 0.016141411717399023, 0.014805413695285097, 0.01491293480648892, 0.014548822946380824, 0.015685042359109502, 0.015720599694759585, 0.01568232709541917, 0.016128423943882808, 0.01740060134034138, 0.014993891072663246, 0.014599266833101865, 0.014556451540556736, 0.014614209369028686, 0.014466126616753172, 0.016487911248987075, 0.014069929529796354, 0.015438176407769788, 0.014162390660203528, 0.01389856036985293, 0.014211840782081708, 0.013727377219765913, 0.015094561145815533, 0.014620766552980058, 0.014307625202491181, 0.014300591799838003, 0.015479043577215634, 0.016235318849794567, 0.014460674821748398, 0.01503162660083035, 0.013735237986111315, 0.013274160417495295, 0.014919954621291254, 0.016233960508543532, 0.014014691460033646, 0.020155810852884315, 0.014154088799841702, 0.012772386355209164, 0.01274117261345964, 0.01595326078677317, 0.01330103862346732, 0.01457663135806797, 0.012999095244595082, 0.014246373481000774, 0.013119629722496029, 0.013950833152193809, 0.01244841707375599, 0.013160375146981096, 0.013879411151719978, 0.01260764389007818, 0.01589819027503836, 0.012848530233895872, 0.013030943540798035, 0.012538656912511215, 0.012331121008173795, 0.013445236480038147, 0.01272574096583412, 0.013071412500721635, 0.012873514893726679, 0.01334577347006416, 0.012437931836757343, 0.01172144694646704, 0.011965194258664269, 0.012558926213387167, 0.013248552728327923, 0.012312825041590258, 0.012350571316346759, 0.012898637451144168, 0.012202789330331143, 0.013590420025138883, 0.011833643689897144, 0.011972469932516105, 0.012255337798706023, 0.01212449544982519, 0.011420290069509065, 0.013009267771849409, 0.01417825809767237, 0.012518949501099996, 0.011833079988718964, 0.015546546994301025, 0.011203775160538498, 0.011428886395151494, 0.011863358675327618, 0.011482061927381437, 0.01102759936475195, 0.012710366598184919, 0.01658908669196535, 0.011484737722639693, 0.013949737531220308, 0.013079544278298272, 0.010892117123148637, 0.013191215362894582, 0.010805451242049458, 0.011674500688968692, 0.018076321641274262, 0.01089007121117902, 0.011606388095970033, 0.011167559623572743, 0.014015722761541838, 0.01116955765610328, 0.0106736421585083, 0.011122926927782828, 0.011145125161419855, 0.0110894386889413, 0.014866899120534072, 0.01078371128460276, 0.010611049161525443, 0.011089993335190229, 0.010194878024776699, 0.010898093474679627, 0.011380053161701653, 0.010532915046496782, 0.011779191732784966, 0.010281975446559954, 0.011686229743645526, 0.01198607197511592, 