{"recall": 0.6506649527858802, "precision": 0.7867215764035344, "f1": 0.6744566055569636, "loss": [0.47884499933570623, 0.2951561667723581, 0.22299487865529954, 0.1900472139241174, 0.167837462737225, 0.15169773099478334, 0.139242785400711, 0.13141284859739244, 0.12534674699418247, 0.11813264794182032, 0.11392621096456423, 0.11020047764759511, 0.10608654614770785, 0.10328002390451729, 0.10075397812761366, 0.09762263757875189, 0.09564122441224754, 0.09380126360338181, 0.0913926383946091, 0.0891168606467545, 0.08675874047912657, 0.08626787574030459, 0.08300537680042908, 0.08119502064073458, 0.07994907163083553, 0.080283741815947, 0.07719984315917827, 0.0760150779678952, 0.07574006679351442, 0.07356788171455264, 0.07258320169057697, 0.07036794544546865, 0.06952126149553806, 0.06844344711862504, 0.06816768951830454, 0.06615712289931253, 0.06566402505268343, 0.06429604452569038, 0.06332115188706666, 0.06219087413046509, 0.06128892401466146, 0.06060526811052114, 0.06070329752401449, 0.05946396687068045, 0.05774107138859108, 0.05823524089646526, 0.05665576993487775, 0.05578857738873921, 0.054911969986278564, 0.05380415060790256, 0.05336194366100244, 0.05295782504254021, 0.0528948629507795, 0.05130758829182014, 0.0504710734821856, 0.051748266036156565, 0.04908965842332691, 0.05027429715846665, 0.0489669036178384, 0.047664325626101345, 0.049055874143959954, 0.04691929364344105, 0.0460460054455325, 0.04646115662762895, 0.045734160259598866, 0.0451175677444553, 0.04424851172370836, 0.044963818247197196, 0.04376641463022679, 0.0431478757673176, 0.04367334804555867, 0.041792239717324264, 0.04332518336013891, 0.04084497045550961, 0.04213971571880393, 0.042002596630482, 0.04003339880728163, 0.040764175428193994, 0.039780037506716326, 0.03954034351045266, 0.03885489977255929, 0.03768757228681352, 0.03771022075670771, 0.037550434935837984, 0.037970740828313865, 0.037189681141171604, 0.036765395328984596, 0.036622275089030154, 0.03719319906667806, 0.035467864538077265, 0.03527429691166617, 0.03596218643360771, 0.035091816636850126, 0.03479312609124463, 0.0345956403616583, 0.033609994265134446, 0.033895330838277005, 0.03289017528004479, 0.03732612515159417, 0.03377288168121595, 0.03219794998585712, 0.032585574794211425, 0.031788331107236445, 0.03186473167443182, 0.03174744505668059, 0.031673801262513734, 0.031559927243506536, 0.030997969952295534, 0.03081360913347453, 0.030104426143225282, 0.03259280826023314, 0.029539660521550104, 0.030415381872444414, 0.031051597688929178, 0.02959030371857807, 0.02894661098252982, 0.03016870265128091, 0.028984666991163976, 0.028413855747203343, 0.02863015217008069, 0.028650335341808386, 0.02786150894826278, 0.027247158155660145, 0.02715071684360737, 0.026921126496745273, 0.026827817702724133, 0.02821915272215847, 0.027342117769876495, 0.026799266081070527, 0.028186518655274995, 0.026272323651937768, 0.02698637253342895, 0.027084958332125098, 0.026242816922604106, 0.025694316762383096, 0.025827153978752904, 0.025491260646958835, 0.025057604201720096, 0.02500557438179385, 0.025511447711323854, 0.024365662393392995, 0.0249628375240718, 0.024393270563450642, 0.02534707720769802, 0.02375405222119298, 0.024035506314248778, 0.02444196339638438, 0.023287687865376938, 0.028319004632066935, 0.023534618951089215, 0.02345407972461544, 0.023628187969734427, 0.023527044482761994, 0.02257541379367467, 0.022547378597664647, 0.02221921386080794, 0.02297672923305072, 0.021819011242769193, 0.023034105397528037, 0.024785608678939752, 0.02185805964109022, 0.021677204815205187, 0.02166343300632434, 0.021312356751877815, 0.021252086546155624, 0.02158691183285555, 0.0225567674569902, 0.021452850414789282, 0.0206845931315911, 0.022199060855200514, 0.02030166224722052, 0.02100211151264375, 0.019948382730945013, 0.021129601991560776, 0.020744447785546072, 0.020814049225009512, 0.023807638965081424, 0.019081308542808983, 0.0203062942091492, 0.019332564173964784, 0.019078429671935737, 0.020808904228033498, 0.02448476255813148, 0.019990850087197032, 0.02017000614432618, 0.018529902154114097, 0.01868819774244912, 0.018705540423979983, 0.018911767852841876, 0.021031440643128008, 0.018533517933974508, 0.01859462210268248, 0.018521296231483575, 0.01906756548123667, 0.01859409987082472, 0.01983368315268308, 0.018665314171812497, 0.018438567865814548, 0.021751998909167014, 0.017918105186254252, 0.017246207906282507, 0.018182638006692287, 0.017507762400782667, 0.017765057295036968, 0.01743670168798417, 0.017564920512086246, 0.017105118567997124, 0.018933525985630695, 0.017191299994010478, 0.01701604648405919, 0.01936907271738164, 0.016536007777176565, 0.019195914297597483, 0.016333236002537888, 0.01936012608348392, 0.016252223955234513, 0.016465565720864106, 0.020664010698965285, 0.017115623377321754, 0.015739809852675535, 0.015748256926599424, 0.017910314520122483, 0.016048809869971592, 0.015525861927017104, 0.01586392401077319, 0.01549742954375688, 0.015598111109284218, 0.017378437478328124, 0.015798946893482935, 0.019673666938615497, 0.015324214073189069, 0.014977176244428847, 0.015426218771608546, 0.015230988698021974, 0.01794497496302938, 0.015302109230105998, 0.01511305951862596, 0.015844490815652534, 0.014743421794264577, 0.015246908886183519, 0.014550582993251737, 0.01869929036911344, 0.01639606551907491, 0.014433486692723818, 0.014021840033819899, 0.014223566533473786, 0.017710050804453203, 0.01428551847129711, 0.014268765044107568, 0.01580828793157707, 0.014380956468812656, 0.01430362626342685, 0.01403515120546217, 0.014576358211343177, 0.014806375540501904, 0.014466461154370336, 0.01396146610204596, 0.014183393384882947, 0.014991806918260409, 0.014028945486643352, 0.013406888545432594, 0.014099748674198054, 0.013600902446341934, 0.013727025863772724, 0.013703790649742587, 0.013792190820822725, 0.013639134340337478, 0.01500126388782519, 0.013988219081511488, 0.013831070911692223, 0.0133918725514377, 0.013546669018978719, 0.016591022118518595, 0.01337570392206544, 0.013269456525449641, 0.01308084411721211, 0.013842466429196065, 0.015347278975241352, 0.012518670740973903, 0.012406838632159634, 0.013409790579316905, 0.013293281608639518, 0.012792245663149515, 0.012164633259089896, 0.012630577373784035, 0.01262890861107735, 0.012965955938852858, 0.012752426489896607, 0.012999240847420879, 0.012338155349425506, 0.01490521169398562, 0.012690291252511088, 0.012415235258231405, 0.011818520946690114, 0.013546661975851748, 0.0124757593657705, 0.012067525494785514, 0.011351379358529812, 0.013451885923132068, 0.011711366969393566, 0.011614553808612982, 0.012020260506687919, 0.012252887532667955, 0.012578883510286687, 0.0119486651274201, 0.013512069901480572, 0.011621398720308207, 0.01187575686708442, 0.011404455777665135, 0.011860984996019397, 0.012248028517205967, 0.013718977534153964, 0.01370850198509288, 0.011453139995865058, 0.012484519724239362, 0.011396298312320141, 0.01097588714765152, 0.01221029900261783, 0.011000892762240255, 0.01125018841776182, 0.011153753108374076, 0.0115733093189192, 0.011415215169108706, 0.010780117347167106, 0.012909498043882195, 0.011343575752107427, 0.013921985962952022, 0.011266635676292935, 0.01143573658191599, 0.011636103332421044, 0.01090680869674543, 0.012093173052562634, 0.01151411378668854, 0.013902693473937688, 0.010287936845998047, 0.012083083242032444, 0.015411602103995392, 0.010332687947084196, 0.013421288280369481, 0.01024989797224407, 0.010454772684170166, 0.010581975024251733, 0.01196775725838961, 0.01008603779700934, 0.011098457467596745, 0.009989589536417043, 0.011843439955555368, 0.010635874394210987, 0.009762601079273736, 0.01082289380065049, 0.011476497384137474, 0.01003958671935834, 0.011553604908840498, 0.010027159165474586, 0.010358915838878602, 0.013945513946964638, 0.010565545890131034, 0.0146991226793034, 0.009870337995380396, 0.011648430663626641, 0.009622975270758616, 0.010671841042494634, 0.009630866359657375, 0.009763588041096227, 0.009548097950755619, 0.010730139158113161, 0.009566571865434526, 