{"recall": 0.7421096235011637, "precision": 0.7742250819038821, "f1": 0.7479303779817437, "loss_list": [0.4784679512027651, 0.28548279562965034, 0.21734103919006884, 0.18483228876721114, 0.16416824965272098, 0.14889614582061766, 0.13781783900922165, 0.12972447774372994, 0.12349936882965266, 0.11762012637918814, 0.11265806064475328, 0.10921579905552789, 0.1051439838251099, 0.10257384245051071, 0.09943018574267626, 0.09659581283340231, 0.09390004823217168, 0.09213918581372127, 0.09013854404911399, 0.08775781621225179, 0.08568734349682927, 0.08444032488623635, 0.0829365129407961, 0.08048329587909393, 0.07889858095441013, 0.07759731576079502, 0.07608727768529207, 0.0746715173823759, 0.07335491466219538, 0.07241517686052248, 0.07092942849849351, 0.06971735784318298, 0.06825857346993872, 0.06742400617222302, 0.06627671624301001, 0.06583676447626204, 0.06401135462801903, 0.06320049394853414, 0.06252396257477813, 0.061279310000827536, 0.060371075919829306, 0.05915430681197904, 0.05914589195162989, 0.05812000520527363, 0.05688889412558638, 0.05655363270780071, 0.0555236971587874, 0.05475437106797472, 0.05483645798522048, 0.05316909730900079, 0.05259487361181527, 0.051806839188793675, 0.05160729055060074, 0.050860991308582015, 0.05020708398660645, 0.04989508361904882, 0.049102574586868286, 0.0483696303475881, 0.0479033890995197, 0.04714409990119748, 0.04669554361607879, 0.04751713188015856, 0.045611058940994556, 0.04529946261900477, 0.044882744672941045, 0.044305643477127885, 0.04360986595856957, 0.043865330290282147, 0.042795344637124796, 0.042847347058705056, 0.04208054844930302, 0.04172689057595562, 0.04152602804242633, 0.04029524545476306, 0.04067284374032169, 0.040045830345479774, 0.03995248145365622, 0.03965295017696917, 0.038810651045059784, 0.038373064697952944, 0.03843701095902361, 0.03784126577374991, 0.03724533588683698, 0.0370089148869738, 0.036594748107017946, 0.03635619367705658, 0.03677740127313882, 0.03582735118106939, 0.035680473144748245, 0.03510217511793599, 0.0349109137780033, 0.03449528110795654, 0.035066157978144476, 0.03386510225536767, 0.0336259853298543, 0.03411692071531434, 0.03365282214654144, 0.0330170925881248, 0.033452815882628786, 0.03232239200151525, 0.032261301143444145, 0.03256097492412664, 0.03160044248797931, 0.0316107378777815, 0.031780089673702605, 0.03075524441956077, 0.03137636930623557, 0.030712360100005755, 0.03068407955870498, 0.0303536057646852, 0.02993399345432408, 0.029449800521251745, 0.02932600708445534, 0.029951633620657957, 0.02917710990004707, 0.028615016283583827, 0.029325386256095952, 0.02932585110538639, 0.02790186339407228, 0.028948630602099002, 0.02812013263901463, 0.027790274829021654, 0.027279420815466436, 0.02764057037857128, 0.02710685122438008, 0.026899248792324214, 0.026811575503961647, 0.026652346533956005, 0.027008918701903896, 0.026709852999192662, 0.025925129963434303, 0.026234466818277725, 0.026340826488740275, 0.025580345558410045, 0.026030479099426886, 0.02506423929880839, 0.024912162040709517, 0.02481079153221799, 0.024569409976538736, 0.02504106209962629, 0.02515729364386061, 0.02441714302112814, 0.024502818298060447, 0.024709147808607668, 0.02344412059901515, 0.024283836722315755, 0.023535593086853622, 0.023168485725182108, 0.02431314072891837, 0.02299138665839564, 0.02288055836543208, 0.023174299258971586, 0.02303654471761547, 0.022771148876927327, 0.02279198282485595, 0.023066425127035474, 0.022547397411835847, 0.02157488495722646, 0.02187140438327333, 0.022058382177783643, 0.021999321886687538, 0.02154026288917521, 0.022134212878881954, 0.021113762125605718, 0.021575200924417004, 0.02095074888347881, 0.022133070659765507, 0.020606319881335367, 0.02123833613441093, 0.020730597943475003, 0.020476526455604473, 0.02096085793164093, 0.020274335661088116, 0.020050795975839718, 0.0205060479871463, 0.020332186338782775, 0.020755986675794702, 0.01985067942441674, 0.019757307691907044, 0.019288910840987227, 0.01925711890216917, 0.019947266217786818, 0.02045335438597249, 0.01928064976236783, 0.01897046661179047, 0.01899352737236768, 0.018968450407555792, 0.01865875008079456, 0.01897746707109036, 0.018879315638332627, 0.01828378187638009, 0.01883080782572506, 0.018305635027354585, 0.018691200988541823, 0.017838748758367728, 0.01811144312086981, 0.018322359162266367, 0.017886999528855085, 0.018729621171951295, 0.018258307207725012, 0.017597906519949903, 0.01745728055248037, 0.017330166247847955, 0.01715835600552964, 0.01733109098422574, 0.01745361188368406, 0.017052078119013457, 0.018008940157596954, 0.017934845109994057, 0.016950614009692798, 0.01733525116578676, 0.016599517180293333, 0.017011661917786115, 0.016450234135845676, 0.017060552588372958, 0.017183195482357406, 0.0168807933529024, 0.01760783923236886, 0.01671823364304146, 0.016397085574863014, 0.016727812236058525, 0.016327822477614974, 0.01610046990463161, 0.015802600276947486, 0.01560481096530566, 0.01595285022049211, 0.015388716296001803, 0.015566731776925736, 0.016193511428718922, 0.016110426286468284, 0.015588403886067682, 0.015227038892771817, 0.015380676434870112, 0.016586889744212387, 0.015768052518251353, 0.015571661188732832, 0.01476686305104522, 0.01576795775836217, 0.014387362782144919, 0.015172392566455528, 0.014854669052147074, 0.015585807308525546, 0.014580807981110411, 0.014998792755795876, 0.01419207535800524, 0.014229378264280968, 0.015568290331430035, 0.01505116688349517, 0.014647028064064215, 0.01451076126031694, 0.015181552897411165, 0.014356237136234995, 0.01389858371912851, 0.014484661824826616, 0.014683396582404385, 0.01370735144300852, 0.014490691589162451, 0.013636934746318729, 0.014636803468602012, 0.01364260881091468, 0.014850931992987171, 0.013478462272905745, 0.013529965311317938, 0.013460192631464451, 0.01361942086587078, 0.013210119120776654, 0.013454992920014775, 0.013467217308789258, 0.013622210871108108, 0.01337217498003156, 0.013954132875369396, 0.01334595336811617, 0.013451280507433694, 0.013333755169878714, 0.013146279721695464, 0.01323765732377069, 0.013051391179760684, 0.01319283057237044, 0.013528479297383456, 0.012969278303353348, 0.013666503215790726, 0.013846276951517212, 0.012426629319088533, 0.012689624792983523, 0.012837553001008927, 0.013203129159956006, 0.014177855043089948, 0.01229429835511837, 0.01219576117291581, 0.012034999082243304, 0.012842253936833003, 0.012329004244384123, 0.012599002293427475, 0.01209841492891428, 0.012528676987858488, 0.012230061845184537, 0.012280932492285502, 0.012241946450376417, 0.013053127215243876, 0.012478304799151374, 0.011447747527563478, 0.01219932251260616, 0.011803455441986443, 0.012067420519451843, 0.011896480240829987, 0.011982871531654383, 0.01214868866300094, 0.011577619976742426, 0.011531837146321777, 0.011802489683759632, 0.012537581027572742, 0.012142177978239488, 0.012376952447812072, 0.011561240466835442, 0.011786482184834312, 0.011983843310008523, 0.011374784118379467, 0.011890722237876617, 0.011445535269740504, 0.011045866295171436, 0.01210508896256215, 0.011116117346682585, 0.011312456333689625, 0.011057033389079152, 0.010974832464853534, 0.011056853635818698, 0.01350379677969613, 0.011667666142602683, 0.011101496278570266, 0.010837748287303838, 0.011545541560190031, 0.01080995129304938, 0.010974352549237665, 0.01322362204955425, 0.01041572157846531, 0.010788700595730916, 0.011701735963288228, 0.011629169155639829, 0.011027859203750268, 0.011030835838027997, 0.011029039636196104, 0.010411775028478587, 0.011773441680998076, 0.009930114512098954, 0.01035789687448414, 0.011462541338551091, 0.010533324640709907, 0.011425526044331492, 0.010256320532789687, 0.010659627118729986, 0.010812151675054338, 0.01051117739698384, 0.010819299270224292, 0.010355729245202384, 0.009926583901687991, 0.0120224040307221, 0.009937132021150319, 0.011554282022552797, 0.010129425905324752, 0.010354266524518606, 0.009788136488350575, 0.010250969553453615, 0.0098398701295082, 0.010430592484772206, 0.010063638877181803, 0.010580755741830216, 0.011272795623517596, 