{"recall": 0.6997577495426904, "precision": 0.7812987462847854, "f1": 0.7175596909789557, "loss": [0.4788151369430125, 0.2949496521614492, 0.22307120799086988, 0.1901616525137797, 0.1680553712649271, 0.15202016365947202, 0.13984956010244787, 0.13200225395848975, 0.12576064636232331, 0.11868361651431769, 0.11446874827379361, 0.11070548894349486, 0.1064885956584476, 0.10373755567707121, 0.10114833625266328, 0.09802689822390676, 0.09592641872586682, 0.09412315336521715, 0.09160188189707696, 0.08950329810613766, 0.08690430951537564, 0.08635848294943571, 0.08317606785567477, 0.0813664136803709, 0.08012676681391895, 0.08031029929406941, 0.07717205511289649, 0.07602923017111607, 0.07569002971285954, 0.07365989283425733, 0.07274607347790152, 0.07028760993853211, 0.069550816755509, 0.06841887699556537, 0.06780508169322275, 0.06607196634286083, 0.06547122937627137, 0.06395410120603628, 0.06287687047733925, 0.06207995425211266, 0.06115467878407799, 0.06048408290371299, 0.060691939550451934, 0.059402617800515145, 0.057455629867035896, 0.05810910355648957, 0.05636038718512282, 0.05567097329185344, 0.05448387761134654, 0.05375350979738869, 0.052990816038800403, 0.05274436972104013, 0.052752650604816154, 0.051286560483276844, 0.050337252527242526, 0.05183303216472268, 0.048786325787659734, 0.049931725137867033, 0.04907008953159675, 0.04737578326603398, 0.04882578304386698, 0.04686051429598592, 0.045936858106870204, 0.04665702910278924, 0.0457195722265169, 0.044800755655160174, 0.044077893617213704, 0.04470745497383177, 0.04382848094974179, 0.04308453356497921, 0.04369828477501869, 0.04169637689483352, 0.04354439035523683, 0.04058434421312995, 0.042243687305017374, 0.04177478770725429, 0.040404595085419714, 0.04095407502609305, 0.03950227203313261, 0.03954164718743414, 0.03903737518703565, 0.037792215021909215, 0.0377976445161039, 0.037797122611664236, 0.03812766923510935, 0.037261803343426436, 0.036769728729268536, 0.036561822969815694, 0.03740809399459977, 0.03543684142641723, 0.03541641290939879, 0.035965264396509156, 0.03508608427364379, 0.034752295148791745, 0.034346582426223904, 0.033718510647304356, 0.033968511284911074, 0.03295104543212801, 0.03773251966049429, 0.03374627561424859, 0.03257589795975946, 0.032546056172577664, 0.031802263139979914, 0.03189541143365204, 0.031724825807032175, 0.03181075130123645, 0.031745391330332495, 0.031222897494444624, 0.030830642150249332, 0.030102176417130977, 0.03279588156146929, 0.029489275679225102, 0.030029451998416334, 0.030831264637527056, 0.029577822642750107, 0.02893933159066364, 0.02951954578747973, 0.028642181190662086, 0.028505372756626457, 0.02854850175208412, 0.0286225444287993, 0.0279498761810828, 0.02715259467368014, 0.027074526668002363, 0.027180748191312887, 0.026788551986101083, 0.027991823269985616, 0.027258638379862532, 0.02682691829977557, 0.028750319106620736, 0.026364133547758684, 0.02720230261911638, 0.02708437507681083, 0.026243668326060288, 0.025410181799088605, 0.025637864448071923, 0.025675401353510097, 0.024887097533792257, 0.02494607430708129, 0.02532607070315862, 0.024456393963191658, 0.025338750070659444, 0.024345641199033707, 0.02633689370850334, 0.024058079623500817, 0.023752675580908544, 0.02464703522855416, 0.023646939895115793, 0.02848677258589305, 0.023243046409334056, 0.023671979070059024, 0.023781118776241783, 0.023846558622608427, 0.022614707224420272, 0.022594342000957113, 0.022155028775159735, 0.022910513573151547, 0.02194476547447266, 0.0228905355616007, 0.0248556967053446, 0.021656602082657628, 0.021974913332087453, 0.021707758751290385, 0.02150795387569815, 0.02148958277393831, 0.02150155986601021, 0.024559118690376636, 0.0210724540593219, 0.020609480314305983, 0.022084334690589458, 0.020534901137580164, 0.020751333118823823, 0.02005601562996162, 0.021406179010227788, 0.020662160430219956, 0.020554570794047322, 0.0230621476075612, 0.01916543339029886, 0.02031010282371426, 0.019341696628544014, 0.01909500331385061, 0.020741964668559376, 0.02304783827275969, 0.019680162688018754, 0.02040215061424533, 0.018816801508364733, 0.01847497733979253, 0.018776427226839587, 0.018793386087054387, 0.021592831588350236, 0.018400337183265947, 0.01844134125713026, 0.018306022364413366, 0.01929444581764983, 0.01821967656724155, 0.019039093509491067, 0.01879817927692784, 0.018478960722859483, 0.021257668457110412, 0.01805148835410364, 0.017302388441748917, 0.018391506491752807, 0.017655854295298923, 0.017832170327892527, 0.017242781425011344, 0.017412831432011444, 0.017085369385313243, 0.018761430859740358, 0.01719815854448825, 0.016817208925203886, 0.019204343014280312, 0.01662394563027192, 0.01940095148893306, 0.01618957175378455, 0.01895403187518241, 0.016161261592060328, 0.016383430534915533, 0.019578587482101284, 0.016943532398727257, 0.01621873380645411, 0.015612620947649702, 0.017607211266295053, 0.016075116262072697, 0.01544583934446564, 0.01573057231871644, 0.01553288011928089, 0.01573951563477749, 0.0167847169432207, 0.01586101300927112, 0.019278938656498212, 0.015185673735686578, 0.015009444512543269, 0.015708013859693892, 0.015312481642467901, 0.017020364743075334, 0.015345664236519951, 0.015017942336271517, 0.015765433308843058, 0.014741153128852602, 0.014961036369641079, 0.014590403734473512, 0.019628463560366072, 0.015023544958239654, 0.014474812596745323, 0.013927810119639616, 0.014156342564092483, 0.017704899084492354, 0.014180749465595, 0.01444932592130499, 0.015248375442752149, 0.014122377699095523, 0.014875816574203782, 0.014051626425498398, 0.014734240437974222, 0.014756882876099553, 0.014210779238055693, 0.01360724168625893, 0.013916389918449568, 0.015364798546215752, 0.014030629325134214, 0.015225289018417243, 0.013628912420244887, 0.013838039551046677, 0.01347576938860584, 0.01371496152569307, 0.013690388761460781, 0.013932299822045024, 0.01511867868975969, 0.013601521597593091, 0.013762321148533374, 0.013414544060651679, 0.013308762179804035, 0.016831409906444605, 0.01312344522375497, 0.013175293821404921, 0.012973793607670814, 0.013816592330840649, 0.013525843583920505, 0.01285739837840083, 0.012343971717200475, 0.013387845378019847, 0.013342191163246753, 0.012737881243083393, 0.01196271700609941, 0.01300857238311437, 0.012679620092967525, 0.012689024602877907, 0.012929448625072837, 0.01283914182567969, 0.012356167568214005, 0.013251735948870191, 0.012304974276048597, 0.012424668453604681, 0.011916960313101299, 0.013155688193364767, 0.01313588700213586, 0.011902522135642357, 0.011357571067492245, 0.012545470570330508, 0.01194435938668903, 0.011494128109916346, 0.01192149873895687, 0.012200997673062375, 0.012149198566476116, 0.011631894562015077, 0.01371308875241084, 0.012038656510412693, 0.011710314225638285, 0.011373527642717818, 0.012110097472032066, 0.011863471641845535, 0.013473203111061594, 0.015304379619919928, 0.011089680549048353, 0.012199913155200193, 0.011295700729533564, 0.011060879798606038, 0.012968451093911426, 0.011211722619918874, 0.011267207759374287, 0.01089415896058199, 0.011745494412025437, 0.01143857359784306, 0.01092738370061852, 0.010693527470721165, 0.011161223806993803, 0.014092517780227354, 0.011607770964474184, 0.012358834650513018, 0.011069276493799407, 0.010572664952633204, 0.01194823082187213, 0.011129183571028989, 0.013821027714584488, 0.011074872574681649, 0.011691384293953888, 0.013711690306081437, 0.010423972125863656, 0.013235682155936956, 0.010133329444215633, 0.010187215248151915, 0.010539877996052383, 0.01181496065328247, 0.010008659181039548, 0.010832138690602733, 0.009989705253246939, 0.011671814128931146, 0.010725487358286045, 0.009677006240963237, 0.01087555199774215, 0.011506184102472616, 0.010117726444150321, 0.012428080262907315, 0.010141895101696718, 0.010256619854771998, 0.013252734774141572, 0.01023415123927407, 0.016952439647866413, 0.009833152227656683, 0.011930662094528088, 0.009463612219406059, 0.010276493692799704, 0.00947549529155367, 0.010199561904300936, 0.009186872608552221, 0.010655491638317471, 