{"recall": 0.7757452909477431, "precision": 0.7827635136677095, "f1": 0.776913090328501, "loss": [0.47926067863591015, 0.2809541036840528, 0.21450912964064628, 0.1826528983656317, 0.1630587043473497, 0.14850391552317888, 0.13839335716329515, 0.13070670823799446, 0.12520326435333118, 0.11884673224994913, 0.11383696488337591, 0.10993736842647195, 0.10579800378764048, 0.10441259026993066, 0.10128581174649298, 0.0981268800678663, 0.09553891886025667, 0.09319394722115248, 0.0920805994537659, 0.08915397594682872, 0.08677354396786541, 0.0853813081048429, 0.08617364923702553, 0.08164948035846464, 0.07974532889784314, 0.07801902253413573, 0.07671252253931016, 0.0751350856735371, 0.07337026466848329, 0.07355594832915813, 0.07211845222627744, 0.07061181880999357, 0.06863961461931467, 0.06760713161202148, 0.06684428110020235, 0.06713599830982275, 0.06401488336268812, 0.0629093608004041, 0.06292238031164743, 0.061566767952172086, 0.061358287115581334, 0.060212668584426865, 0.06020496677956544, 0.05789962795097381, 0.05760432957322337, 0.05781465987092815, 0.055925620283233, 0.05472667043795809, 0.05469663458643481, 0.054022523312596604, 0.05416501947911456, 0.052328017744002864, 0.052569512161426246, 0.0505956836277619, 0.050361680216155946, 0.049646774044958875, 0.051204640563810244, 0.04780754365492612, 0.04760419685044326, 0.04697737260721624, 0.04684537337743677, 0.04809320406639017, 0.046136925055179745, 0.044722473598085344, 0.0450797057710588, 0.04351998193305917, 0.044237192705622874, 0.04526866239029914, 0.042369759365101345, 0.042971631715772673, 0.042030860553495586, 0.0424375703005353, 0.04136545832443517, 0.04042902882792987, 0.04096971088438295, 0.039530740774353035, 0.03906678858038504, 0.04043755018210504, 0.03932146435545292, 0.03764560348645318, 0.039397030050167814, 0.03863942626048811, 0.036758855276275426, 0.03670260049693752, 0.03622845762583893, 0.03572099389566574, 0.037735963880550116, 0.03695825858449098, 0.036483236035564914, 0.03589827327232342, 0.035761231076321565, 0.03399074712069705, 0.03451567262527533, 0.03332786017563194, 0.032878486017580144, 0.034342745901085436, 0.03265689099498559, 0.032504990565939806, 0.03277205431368202, 0.03206831030547619, 0.032362775556975976, 0.033484682338894345, 0.031134827790083364, 0.032351480855140835, 0.031175551179330796, 0.03132473419827875, 0.03245868689555209, 0.030794612859608606, 0.031965471542207524, 0.02953698002966121, 0.029575949418358505, 0.029129106886102818, 0.028534481112728827, 0.02951065541128628, 0.029210014967247844, 0.029010303973336704, 0.029440446640364826, 0.028390318795572966, 0.028204342859680764, 0.032673390029231086, 0.027289933612337336, 0.02735105979081709, 0.02714944363106042, 0.029784691258100793, 0.026442863774718717, 0.026926505146548152, 0.027385540408431552, 0.026731387377367355, 0.02814428483543452, 0.025979975369409658, 0.02560884771810379, 0.027001802227459848, 0.026453166305145714, 0.02559524391836021, 0.025070443080039695, 0.025144870967778843, 0.024182882894820068, 0.025219053772161715, 0.02496465177682694, 0.024451980571029708, 0.025697155433590524, 0.0246548914219602, 0.024352781983907335, 0.02376046287099598, 0.024013608890527394, 0.023583513902849518, 0.02311874646693468, 0.023626551192137413, 0.024199757688620593, 0.023974988274858333, 0.022660503913357388, 0.02298407756461529, 0.022506158871692605, 0.023256200198375154, 0.02210522975656204, 0.02214242913032649, 0.02172050873923581, 0.021775223096483387, 0.022671037426334806, 0.02163919887971133, 0.02203330891643418, 0.021961049489618745, 0.021324440713215154, 0.020635810389649123, 0.021979416174872313, 0.02052189060486853, 0.021572737940005027, 0.02100437473563943, 0.020339936490927357, 0.020070723083335906, 0.02087622594262939, 0.020840464610955678, 0.021485673009010497, 0.01984584624733543, 0.020045365192345344, 0.02111783043073956, 0.020249665816663764, 0.019779618953180034, 0.01963964107562788, 0.018607798039738555, 0.018655819796549622, 0.019913554337108508, 0.019170735824445728, 0.019752456340938807, 0.019082319740846287, 0.01888762322050752, 0.018648030221811496, 0.01859090726065915, 0.01821424759691581, 0.018526274907344487, 0.018281209268025123, 0.01885628348827595, 0.01921772750938544, 0.01795373255299637, 0.0177749047652469, 0.01816870080801891, 0.017601345585717354, 0.018250484667078126, 0.01758985654305434, 0.01822391572932247, 0.018887999358412344, 0.016933357183006592, 0.018180518847657368, 0.0167173858062597, 0.017026964873366524, 0.017381829231453594, 0.01658618870715145, 0.01677129659219645, 0.01654365365538979, 0.016855084759299643, 0.01755256170145003, 0.016391301520343404, 0.01678184308548225, 0.01690002137911506, 0.01621170492580859, 0.01713098696927773, 0.01963373635226162, 0.01595437368087005, 0.017255607650440652, 0.016659922403050587, 0.01768391820223769, 0.015227010575472377, 0.015096361850737594, 0.015365935243607964, 0.01537009293679148, 0.015617087054124568, 0.015988579383702017, 0.014711619296576828, 0.01617462014837656, 0.01600331651570741, 0.015341056023316924, 0.015151778970903251, 0.015009230221039616, 0.01951760723022744, 0.014704609697218984, 0.015579231658193748, 0.014828559258603491, 0.014144021028187126, 0.014474503681412898, 0.014296684305008966, 0.014385094567842316, 0.015113890818611253, 0.014547062361089047, 0.015584491731715389, 0.014119765470240964, 0.014724789984029485, 0.014433044860197697, 0.014511197929095943, 0.015862202082644217, 0.013825779904436786, 0.017585977948328946, 0.014090204305830412, 0.01348080622847192, 0.013277178746648133, 0.013882641611417057, 0.013764158513367875, 0.014692475539050065, 0.013440700247883797, 0.013244413072243333, 0.013593604860943742, 0.013895682594011305, 0.014131918906059582, 0.013598251720395638, 0.01334340640460141, 0.015207722135528456, 0.013422296389762778, 0.012756731572153512, 0.01361093414016068, 0.013701623305678368, 0.012573549640364945, 0.01323793036135612, 0.014113950925093377, 0.013029409128648695, 0.013046936117461883, 0.013600667109130882, 0.013334033763385378, 0.012391855518217199, 0.013259832085168455, 0.012377656024909811, 0.012357010597042972, 0.013335268457012717, 0.014307566401839722, 0.013141507224645466, 0.012503086451033596, 0.011936299488297664, 0.013732078914472368, 0.013052538226475008, 0.012185270818008576, 0.012330795740126632, 0.011793639285315294, 0.012521611246484099, 0.01176054624011158, 0.012420238064805744, 0.012226012633618666, 0.011982643478404498, 0.01163440153686679, 0.011743989471142413, 0.014167792502121301, 0.011807080532889813, 0.012710339829936856, 0.011462397225841414, 0.0114880763576366, 0.011616439933277434, 0.011360636013705516, 0.011970521445618942, 0.011310806799883721, 0.012754185354424408, 0.011049783814087277, 0.011843755881272955, 0.011373852368706139, 0.016109997934108833, 0.014052537775569363, 0.013175049400160788, 0.011951068412599852, 0.011403281983803026, 0.011116651603515493, 0.010631835288222646, 0.010563189149252139, 0.011987704379862407, 0.01094908983213827, 0.011167493470566114, 0.010593594324745936, 0.010671306230506161, 0.010951389798719902, 0.010990973642037716, 0.01227606902102707, 0.014481102502031717, 0.010469046726939268, 0.010602797883620951, 0.010214666934189154, 0.010690818678995129, 0.010729855057434179, 0.011956369140534662, 0.013519102722057141, 0.009831771472818218, 0.010757749725598842, 0.009942119260813342, 0.011387494916561991, 0.010496297592908377, 0.010271197788824793, 0.010331038414733484, 0.010616055533319013, 0.013013615862291772, 0.010060180051368661, 0.009968415499315597, 0.010558288580796216, 0.010030597542936448, 0.01134677338268375, 0.009866773034445941, 0.01069666553667048, 0.011450051719293697, 0.011582629311305936, 0.011288614681689069, 0.009643207842600532, 0.009961227522580884, 0.011413344527682057, 0.00946022558491677, 0.011274994791165227, 0.010074418329168111, 0.00947072691633366, 0.00974791839325917, 0.010519139483221807, 0.009501663469563937, 0.011137083238281775, 0.010940539596049348, 0.011876710599608487, 