{"recall": 0.7432272098081867, "precision": 0.7938722940777605, "f1": 0.7543553035574848, "loss": [0.4794510449282825, 0.2902876096777618, 0.2190582415787503, 0.18601130624301732, 0.16621379868593067, 0.15085827274015173, 0.13979055924573913, 0.1321613754844293, 0.12549434817628935, 0.1191010209149681, 0.11450641910778359, 0.11084480484714732, 0.107661729271058, 0.1033349396311678, 0.10048527031904086, 0.098693797015585, 0.09437648381572217, 0.09322902420535684, 0.09125477977795526, 0.08879304787842557, 0.08658988436218351, 0.0852999382186681, 0.08405428694095463, 0.08209276100387797, 0.08013258076971397, 0.07875092688482255, 0.077771705633495, 0.07743063737871125, 0.07405265278066508, 0.07409396528964862, 0.07184053372475319, 0.0708573890151456, 0.06950938201043755, 0.06909499858738855, 0.06827496128971688, 0.06819158745929599, 0.06558632856467739, 0.06425531674176455, 0.06547038062126376, 0.06322841960354708, 0.061480404605390504, 0.06052742796600796, 0.06030168299912475, 0.06053482694551349, 0.05860655559808947, 0.057637834892375395, 0.05700298142619431, 0.0567724657303188, 0.056157027662266046, 0.05553974266513251, 0.05416642382624559, 0.052860301337204874, 0.05332842259667814, 0.05261866963701323, 0.05142689007334411, 0.05078360089100897, 0.050966508249985054, 0.049814469704870135, 0.04974087988375686, 0.04896501524490304, 0.04828777050715871, 0.049790296994615346, 0.04669146190281026, 0.04666587000247091, 0.04655867349356413, 0.04544950765557587, 0.04493153843213804, 0.04527083318680525, 0.04426187647914048, 0.0454942525975639, 0.04338744709093589, 0.04346906195860356, 0.0426190682919696, 0.041719722968991846, 0.042301106586819515, 0.04043944820296019, 0.04296611280005891, 0.040709697612328455, 0.04070237085397821, 0.040132802256266586, 0.0391827444836963, 0.0391646183852572, 0.039716585422866046, 0.03832242595672142, 0.03808208029658999, 0.03875329943548422, 0.0383953914133599, 0.03691722857183777, 0.036969364737160504, 0.03648089786292985, 0.03565524566511158, 0.03621927853964735, 0.036400190234417096, 0.03470754456066061, 0.03520100942114368, 0.03633357222133782, 0.03722884519083891, 0.03492064266174566, 0.03455682143976446, 0.03354498159023933, 0.033180177793838084, 0.03352244955021888, 0.034007860769634135, 0.033049828896764666, 0.034571253243484534, 0.03236714788363315, 0.03237746474042069, 0.03218542876129504, 0.03202428350050468, 0.03142247114737984, 0.030643465666798875, 0.03179795767937321, 0.031135754034039564, 0.03179413269390352, 0.03026843305269722, 0.030562477550120093, 0.03166492827585898, 0.030968328777817078, 0.029398161743301898, 0.029467247979482636, 0.029863499585189857, 0.029953298726468347, 0.02820836944738403, 0.02950829420296941, 0.028663237404543906, 0.028236800630111247, 0.02751870702195447, 0.028354495399980806, 0.027730669477023184, 0.028857541154138744, 0.02750602224841714, 0.02792973635951057, 0.027208166720811278, 0.026647047445294447, 0.03143479114805814, 0.026977875037118793, 0.02662377704109531, 0.026254570548189804, 0.02596018966869451, 0.027752734007663094, 0.02713709615636617, 0.025636751379352063, 0.02626393177342834, 0.025094403499679174, 0.02457382544525899, 0.026654550587409176, 0.024635908688651398, 0.024451421020785347, 0.025156149342365097, 0.024281282632728107, 0.02378914262226317, 0.023653972224565223, 0.023924949171487242, 0.02474323275964707, 0.023620263396878727, 0.02636955578054767, 0.025409225854673423, 0.023212662104924675, 0.02307013021345483, 0.02255951683036983, 0.023901505184767302, 0.02247847522085067, 0.025065237983653788, 0.02204588313907152, 0.023100024460291024, 0.0224441879108781, 0.024769224371993914, 0.021657126169884577, 0.021930264731054194, 0.022445531765697524, 0.0223655964655336, 0.023715291688858997, 0.02132065672049066, 0.021336507306841668, 0.021330827126803342, 0.0223947044214583, 0.022874897404108196, 0.020423890760866925, 0.02201816994784167, 0.022204246459295973, 0.021097264041600283, 0.021701029931136873, 0.020175102799839806, 0.020303768920712173, 0.019558489686460234, 0.020624277814931702, 0.020973095735826064, 0.02043646921083564, 0.019441690667008515, 0.019527041135006584, 0.01975769859564025, 0.021642707113642246, 0.019142185657983646, 0.02117513674602378, 0.019095961324637756, 0.01932728706742637, 0.018922940849734005, 0.01933672201266745, 0.01930510000238428, 0.020305228070355952, 0.018508811401261482, 0.01895557207899401, 0.019273643265478313, 0.018350121146795573, 0.02035510823770892, 0.017985177131777164, 0.01789639588969294, 0.018071688078634907, 0.0211345713614719, 0.017495824075012933, 0.017844020141637884, 0.018621449962665793, 0.017443780328903813, 0.018636019100085832, 0.01764119227300398, 0.019196461311366875, 0.017184340409585275, 0.01943592089082813, 0.01734473516989965, 0.01818968295265222, 0.02006539697322296, 0.01693045444699237, 0.017442686708818655, 0.018586323778436054, 0.016341836235369556, 0.019041304964048322, 0.016355544386897236, 0.016973177189356647, 0.01746651146095246, 0.016071305835794192, 0.01671474054455757, 0.01701848993252497, 0.01600174551276723, 0.015758246852783486, 0.015954653317749035, 0.016417748272942845, 0.015616618868079968, 0.017990763357374817, 0.015292548938305117, 0.01812229105416918, 0.01773227639932884, 0.015489796009205747, 0.015124022655072622, 0.01556463110318873, 0.01521076252538478, 0.015212804428301752, 0.017982216850214172, 0.015921750775305554, 0.015203895309241489, 0.01509535394870909, 0.015401089265651535, 0.015347864922659937, 0.015544767724350095, 0.01465501137136016, 0.01492418156703934, 0.014771039241168182, 0.015656188981665764, 0.01531409775634529, 0.016120164713356644, 0.014909712052030955, 0.01822805315896403, 0.013874198884877842, 0.014314903561171377, 0.014097149214649107, 0.014232580811949447, 0.014244957928895019, 0.015020457693026401, 0.013731081191508565, 0.015454793381650234, 0.01416015112772584, 0.013769290344498586, 0.014042991562746465, 0.013647521525854245, 0.015445037090103142, 0.013890946946048643, 0.014004607604874764, 0.013691131141968071, 0.015470329228264745, 0.01578526111188694, 0.013607504712126683, 0.014049991135834716, 0.013386526039539604, 0.012968065380846383, 0.014642983103840379, 0.016114175086840987, 0.013785137900413247, 0.01997688815026777, 0.01346851367270574, 0.01261346010142006, 0.01267416189875803, 0.01572351656795945, 0.012846717705542687, 0.014532785000483273, 0.01263587119319709, 0.01475883214516216, 0.013515717229893198, 0.014420187362702563, 0.012289471738768043, 0.012933790214447072, 0.01335522003864753, 0.01225075387628749, 0.015526509647315834, 0.013279904931550846, 0.013067348147160374, 0.012001902050542412, 0.012014726838970091, 0.013303157164045842, 0.01259216323524015, 0.012537517453893088, 0.012599708679772448, 0.01302308973390609, 0.011800488442531787, 0.01154775742907077, 0.011909499567991588, 0.012521212840510998, 0.013012842842726968, 0.01196247837287956, 0.012218231851875316, 0.01239486624035635, 0.012356571922282455, 0.013465687177813379, 0.011783331414335407, 0.011505690916237654, 0.012023178256640676, 0.011823467724752845, 0.011110159037343692, 0.013099400079227053, 0.013806165381538449, 0.012575845488754567, 0.012058026164595503, 0.015016963367088465, 0.01100637800846016, 0.011337423580698669, 0.011615990253631026, 0.011054829035856528, 0.010862447757972404, 0.013177384902519407, 0.016090108729258645, 0.011190780645847553, 0.013878251647838624, 0.011859224916406674, 0.010843178199138492, 0.011701850286044646, 0.010619163869705517, 0.011155919815792004, 0.016097369149065344, 0.010916302471741801, 0.011557821842870908, 0.011135051459859824, 0.012348320768069243, 0.01197178072106908, 0.011082630458986387, 0.010986662695358973, 0.010829060036485316, 0.010654865749529563, 0.013771451423963299, 0.010617244544846471, 0.010227747276076116, 0.010859190544579178, 0.01025062907137908, 0.010996506927767769, 0.011253439635765972, 0.010598641212709481, 0.011323259739583591, 0.01012226890088641, 0.010796867572935298, 0.011406549070670735, 