{"recall": 0.7190527981016412, "precision": 0.7672331878362528, "f1": 0.7287818669051587, "loss": [0.4790615688543767, 0.29298092471435666, 0.22072111582383513, 0.18607185990549624, 0.16485091333743185, 0.14884815702680498, 0.13709828536957502, 0.12856515997555107, 0.12274181796237826, 0.1156104285037145, 0.11079171078745276, 0.10766774986404926, 0.1043970548780635, 0.10022451367694885, 0.09734871058026329, 0.09570418013026938, 0.09145799354882911, 0.09076741337776184, 0.08770326658850536, 0.08581055433023721, 0.0840559583157301, 0.0824606305686757, 0.08157732267864048, 0.07945471041603014, 0.07700439871405251, 0.07551104880985804, 0.0745868718076963, 0.07311176325310953, 0.07046772187459283, 0.07068082972546108, 0.06899215606972575, 0.06768684831331484, 0.06669369697920047, 0.06634579654200934, 0.06560954998712987, 0.06618165524560027, 0.06242098190705292, 0.06196346544311382, 0.06164064136100933, 0.06089180425624363, 0.0590365671669133, 0.0575569954526145, 0.05812068789964542, 0.05810627288883552, 0.05706573813222349, 0.055475950823165476, 0.05443240262684412, 0.054668340482749045, 0.055014665791532025, 0.05307903347420506, 0.05177469999762252, 0.0516658072010614, 0.05119389001629315, 0.05040682526305318, 0.04959870083257556, 0.04909341534948908, 0.04871311775059439, 0.04806073909276165, 0.04771112758317031, 0.046897009073290974, 0.046477456809952855, 0.04691917939635459, 0.04503905662568286, 0.04488193916040473, 0.0449219464790076, 0.04376177706581075, 0.04337654940900393, 0.04359765841218177, 0.04269181695417501, 0.04391858591407072, 0.04130401743168477, 0.04152234550565481, 0.04096442241279874, 0.0402662356646033, 0.04083949825144373, 0.038945750042330474, 0.041933496191632, 0.0392171729617985, 0.03904714822419919, 0.03859544231090695, 0.03799702040851116, 0.0374904300988419, 0.03740338169154711, 0.03670334555499721, 0.03672849040594883, 0.03692741507256869, 0.03697785033727996, 0.035480375634506345, 0.035190185211831704, 0.034899777674581856, 0.03446866836748086, 0.034875679019023664, 0.03489848224853631, 0.03345088692731224, 0.03348892899521161, 0.03401131072314456, 0.0339434455963783, 0.03415096760727465, 0.03318610420683399, 0.032248250470729545, 0.03170164837501943, 0.03201807365985587, 0.0329115561908111, 0.03116386650071945, 0.03490035762661137, 0.03058198325743433, 0.030744905961910263, 0.031163135747192428, 0.029671659649466164, 0.030808031107881106, 0.02926294745702762, 0.02999222274229396, 0.029294467734871432, 0.03034469176782295, 0.028747447606292553, 0.02905826184723992, 0.028890666901133955, 0.029484921964467503, 0.027865194701007567, 0.029122143096174113, 0.029262750991620123, 0.028346491395495832, 0.02673022705130279, 0.028982054558582604, 0.026766618248075247, 0.02744049690954853, 0.026127376389922574, 0.026680006238166243, 0.025769649917492643, 0.026896113413386047, 0.02579606755898567, 0.026989025514922105, 0.025808343547396362, 0.025060807791305706, 0.026754193131637294, 0.025110454167588614, 0.02697399393946398, 0.02483028823917266, 0.023847872093028855, 0.02938962921325583, 0.02515713932371, 0.02374236428295262, 0.023994581992155872, 0.024083991353109013, 0.02338374499231577, 0.02450830111047253, 0.02289893374836538, 0.023250208192621358, 0.02339089280576445, 0.02301670658926014, 0.022315695008728653, 0.02209219682845287, 0.023157014074968174, 0.024075475543213543, 0.022846556290460285, 0.021864146074221935, 0.022738284147635568, 0.023512165898864623, 0.021456860260514077, 0.02137673506513238, 0.02365818941325415, 0.021013078156101983, 0.02137622013106011, 0.02089175672881538, 0.021499574024346657, 0.020922749987221323, 0.022606832724704873, 0.020806206033739727, 0.020331781408458482, 0.022155362501507625, 0.020979656437702943, 0.02160770662885625, 0.019593768440245185, 0.020287201055907644, 0.019706340914126486, 0.021122558537172154, 0.01993325344665209, 0.019310929827042855, 0.020042714982992038, 0.019409660148085095, 0.019570883792766836, 0.02047038787713973, 0.01906747755856486, 0.018782540028041694, 0.018299403636774514, 0.018199133752204943, 0.01969983561866684, 0.02076900015526917, 0.01803677780844737, 0.017533383179397788, 0.018286195787368342, 0.019624806991487276, 0.01747360746958293, 0.019419965843553655, 0.01768924321368104, 0.018047904122795444, 0.017554545345774386, 0.017627282133616973, 0.018510041176341474, 0.01935221086750971, 0.01708529757161159, 0.017671602698101196, 0.016920992471568752, 0.016820791344798636, 0.019582706641813274, 0.016377622785512358, 0.016629929639748298, 0.016983437242743094, 0.01651404902077047, 0.016255718073807657, 0.01673965697409585, 0.016808635715278797, 0.015827423958398867, 0.016991322750982363, 0.01624939207249554, 0.01650241934112273, 0.016613979765679687, 0.017125509592005983, 0.0162252723966958, 0.015714919747551903, 0.018952726197312586, 0.015803356654942036, 0.015334519586758688, 0.015607868037477601, 0.015052216789626982, 0.01720921535161324, 0.015118299226742238, 0.015920611927867867, 0.0155188140233804, 0.014703110275149811, 0.0153688655627775, 0.015430826319061453, 0.015452368497790303, 0.014330296926345909, 0.0147240549667913, 0.014868490652588662, 0.014368090782227227, 0.014885250966472086, 0.014391840268217493, 0.014083085079619195, 0.015028004432679154, 0.014241202719858848, 0.013943498099251883, 0.015624247549567372, 0.014271487641963176, 0.014210516048478894, 0.01665542058617575, 0.014592408948374214, 0.01368454068142455, 0.015787065527547384, 0.014099182095378637, 0.013644739625306102, 0.01364270144404145, 0.013407726328296121, 0.01316826640322688, 0.013657256055012112, 0.014863571006571874, 0.013929898450442124, 0.01441057404372259, 0.01369216523016803, 0.016362196936825057, 0.013273422122438205, 0.013330456269613933, 0.013124491066264454, 0.012903005121188471, 0.012754430354107171, 0.013567268946644617, 0.012754246716212947, 0.013065183244179934, 0.012544504024845082, 0.012334672417637194, 0.012663762205193052, 0.01291267270426033, 0.013550817733630538, 0.0140570153707813, 0.012546178291813703, 0.012541434633021709, 0.0132411093400151, 0.014483513768936973, 0.012241980035469169, 0.013178539025830105, 0.012424219039530726, 0.01213951133104274, 0.013362699231947772, 0.01417002020025393, 0.012216738949064165, 0.014865752709738445, 0.013711812367546372, 0.01148728786574793, 0.01180201616807608, 0.01272464137582574, 0.0115396083710948, 0.012488471144024516, 0.011775401577324374, 0.012311192345805466, 0.011871421669638949, 0.013101124652166618, 0.011550203475053422, 0.011739902176486794, 0.012393362922011875, 0.01195721567273722, 0.013552723969041836, 0.011688718797813635, 0.011784321955929045, 0.011057720508688362, 0.011507605104270624, 0.012098369836166967, 0.01099461816920666, 0.013308681242051534, 0.01081210796837695, 0.011368646202754462, 0.011113518412457779, 0.010679035225621192, 0.011162569044245174, 0.010879084322368726, 0.011833538228529505, 0.010846337216207758, 0.010801227504998678, 0.010739648940216284, 0.010828790840605507, 0.010788733678054996, 0.010537928770645522, 0.010880586258281255, 0.010690414452255936, 0.010670634215784958, 0.010546408397203777, 0.011524379358888837, 0.010979862832755316, 0.011524534598720493, 0.012475245199311757, 0.010789397161715897, 0.009985405646148138, 0.010186089162743883, 0.010651040378434118, 0.009961549661966274, 0.009971393974410603, 0.010591358070087153, 0.014895623869961128, 0.010064743477414595, 0.013277220365125686, 0.010762053443613695, 0.009237094145646552, 0.009829203172557754, 0.009841047711233841, 0.012364666017674608, 0.014235265898605576, 0.009716856464365264, 0.010123939740878996, 0.009636273174692178, 0.01115289744848269, 0.011078042160079349, 0.009201692526403349, 0.009516186830296647, 0.009743727798195323, 0.00947962479403941, 0.015243151039612712, 0.008955193938163575, 0.009415021810127655, 0.009647654474974843, 0.008866957792633912, 0.010310036690498237, 0.010060817097837571, 0.009238651993655367, 0.010956574496958638, 0.008857678738422692, 0.010221987158729462, 0.010784392645291518, 