{"recall": 0.7503831512334997, "precision": 0.7702190228066003, "f1": 0.7547976225649187, "loss": [0.4779492092784494, 0.29395659535657614, 0.2217511257622391, 0.18779724137857556, 0.164905137848109, 0.14829709206242114, 0.13546290848171338, 0.12715675320941955, 0.12133782618911937, 0.11419192794710398, 0.10969459288753569, 0.10565198655240238, 0.10163331421790645, 0.09880748513387516, 0.09621824347414076, 0.0932648207526654, 0.09117281198268756, 0.08910065708914772, 0.08672444050898775, 0.0848179804161191, 0.08278744760900736, 0.0812329902255442, 0.078731483372394, 0.07703742483863607, 0.07544036390027031, 0.07526423665694892, 0.0734009942098055, 0.07134399644564837, 0.07085467971046455, 0.06879934971220791, 0.06831240502651781, 0.06572689636959694, 0.06546308714314364, 0.0644784118339885, 0.06316635347320698, 0.061644736473681405, 0.061084590473910794, 0.06018724909517914, 0.058922933880239725, 0.0578581299923826, 0.05690526036778465, 0.05618221472832374, 0.05688135759555735, 0.05537366363569163, 0.05360002801171504, 0.05438862572191283, 0.052311131526948884, 0.05150134049472399, 0.05089778627734631, 0.049919921497348696, 0.049703774915542454, 0.048251716303639114, 0.050240322161698714, 0.04747121670516208, 0.047099069866817445, 0.04813055318663828, 0.04554377545719035, 0.04571888584177941, 0.04543086493504234, 0.04385491367429495, 0.04490933440683875, 0.04344506046618335, 0.04270925778837409, 0.04404124600114301, 0.04237302688125055, 0.041259371195337735, 0.04024855802708771, 0.04161815381667111, 0.04022655583685264, 0.03981387872772757, 0.04014003234624397, 0.03844295167073142, 0.03998581304040272, 0.03752566990442574, 0.03896255108702462, 0.038251678459346294, 0.036709048072225414, 0.03754143697733525, 0.03750701450917404, 0.036876544589176774, 0.03627119190059602, 0.03500688271014951, 0.03441440311144106, 0.034900152080808766, 0.03508583840448409, 0.03420305081817787, 0.03339827539457474, 0.03329555341042578, 0.03411843968206085, 0.032172591527341865, 0.03237699223973323, 0.033122556924354285, 0.032345757077564485, 0.032038147139246576, 0.031157700665062293, 0.030801114393398166, 0.030759455723455176, 0.02989257575245574, 0.03557337957317941, 0.03073715412756428, 0.029368244038778357, 0.02896745255566202, 0.029448888017213903, 0.028959204093553126, 0.02878257099655457, 0.028565161235746928, 0.028394421067787334, 0.027959691622527316, 0.028064485479262657, 0.027384956047171727, 0.029010180704062805, 0.026931189393508248, 0.027874917039298452, 0.027892360390978865, 0.026956266432534903, 0.026726203490397893, 0.02689846320572542, 0.026429539735545404, 0.025881244517222513, 0.025930110525223427, 0.025250445760320872, 0.025246409844839945, 0.024801067484077066, 0.02431580518896226, 0.02457366289308993, 0.02422661655873526, 0.025485153411864303, 0.024921339223510586, 0.02398219286260428, 0.025669278358691372, 0.0238858057273319, 0.024480181542458013, 0.024459350905090105, 0.023794433145667426, 0.02350594201561762, 0.023331912772846408, 0.022374237349140458, 0.022509114955028053, 0.022893647517776117, 0.022608102110098116, 0.022021091026545037, 0.02316146486555226, 0.02265080997312907, 0.022718942243955098, 0.020917083871609066, 0.023214097651361953, 0.022272056303336285, 0.020898881477478426, 0.02597958232217934, 0.021178504925046582, 0.021276046922139358, 0.020644143209210597, 0.02064203755435301, 0.020622407348128036, 0.020422410692845006, 0.020295891619753093, 0.020276682000258006, 0.019548633608792443, 0.020626706325856503, 0.022863666716148145, 0.02143831864668755, 0.0197537251515314, 0.019051847608352546, 0.01899842435523169, 0.019997110131953377, 0.01893952336104121, 0.021235504587821197, 0.01881142229103716, 0.01817102704080753, 0.020665166637627408, 0.018429772411764134, 0.01877803323441185, 0.018015221918176394, 0.019216192376916297, 0.018814789546013344, 0.018630880884302314, 0.023020946777251083, 0.017444340206566267, 0.017531743047584314, 0.017165171178930905, 0.0170423273666529, 0.0181782754661981, 0.020767945847183, 0.017709626721625682, 0.017658498072705697, 0.016966802671959158, 0.016480113605211955, 0.01675114981480874, 0.01666834079514956, 0.01962626530439593, 0.01635973931843182, 0.016828308718686458, 0.016400116932345554, 0.01648375490185572, 0.0170205227623228, 0.01671111107134493, 0.01684376609046012, 0.016785939333203714, 0.018376729465671815, 0.015938312055368442, 0.0167430614164914, 0.01601459160883678, 0.016278459785098676, 0.01618462143233046, 0.01544036826089723, 0.01595402037492022, 0.015615907272149343, 0.016864798781170975, 0.015452392959559802, 0.015467714998521842, 0.018272141467605252, 0.015080351411597803, 0.017983009754971135, 0.01483466354693519, 0.015337445016484708, 0.014806038183451165, 0.014981171530962456, 0.01786252010060707, 0.016282984608551487, 0.0151739014472696, 0.013987819314934313, 0.014205950254108757, 0.01502701793651795, 0.01405196289124433, 0.014288050791947171, 0.014330395191791467, 0.014234511349059176, 0.01432379602920264, 0.013919866541982628, 0.020157620776444674, 0.013551228745200206, 0.013421903204289265, 0.014182848924974678, 0.013973711436847225, 0.014725041757628787, 0.01358133179746801, 0.013344114890060155, 0.014786928848479874, 0.013186902837333037, 0.013117721500748303, 0.013536716345697641, 0.017227671036380343, 0.014069471944821998, 0.01330789050552994, 0.012749269444611855, 0.01341899691033177, 0.019494663989462424, 0.012401261654304108, 0.012915429480926832, 0.01385490953543922, 0.01298220186799881, 0.012506324525020318, 0.013690188236068934, 0.012776598388882121, 0.012898568333184812, 0.01287481859617401, 0.012042453381582163, 0.012824831923353486, 0.013361831137444824, 0.012903688955702819, 0.013166711556550581, 0.012454481613531243, 0.012629476837901166, 0.012201355737488484, 0.012456940323318122, 0.01292902977365884, 0.012014387622912182, 0.013703511700441595, 0.01376686145158601, 0.012646272560232319, 0.012657134277105797, 0.011908869520993903, 0.014890232931065839, 0.01217210165123106, 0.011568599813472247, 0.011689804701745743, 0.01213836947499658, 0.01268124180205632, 0.01165824490817613, 0.011384447559976252, 0.011109968108939938, 0.01223900849072379, 0.0112996936768468, 0.011261693682172336, 0.011169104065629654, 0.011200841141544515, 0.011838868220365839, 0.011518986641021911, 0.011918989494006382, 0.011009529796865536, 0.012225432201375952, 0.011219685387914069, 0.01095689043722814, 0.010570961654593702, 0.012895228468551068, 0.011754359133192338, 0.011141957387735602, 0.010176949850574601, 0.011221609347558115, 0.010543318316194927, 0.010987507721438305, 0.01089623331426992, 0.01168661609335686, 0.010498321109480457, 0.010851756411284441, 0.011340956800268032, 0.010519115458009765, 0.01030348055428476, 0.01042296227751649, 0.011624737260717666, 0.010807232541992562, 0.011734382424037904, 0.013029919638938736, 0.012570420953124994, 0.01209705352448509, 0.011045099276088877, 0.009753409260156332, 0.012517557064711582, 0.009477386422076961, 0.009754795264598215, 0.00982567068786011, 0.009915388221998, 0.010210169661149848, 0.009781281598407077, 0.010925514794507762, 0.00970209310980863, 0.01286077793338336, 0.01020352905470645, 0.010726649048592662, 0.010398300124506932, 0.009711651808174793, 0.010091662654303946, 0.010151736580155557, 0.011765204479161184, 0.010302668841177365, 0.010519337178266142, 0.017265088008571183, 0.009278084049583413, 0.010720748301537242, 0.010958899816614576, 0.009255115706764627, 0.00972611018733005, 0.011645089492958505, 0.00929662502312567, 0.00912111089201062, 0.009001718011859339, 0.010190890006924747, 0.00943678434487083, 0.009012805094243959, 0.009254957221855875, 0.009662558055424597, 0.009629734282498248, 0.010704888012696756, 0.009882107875455404, 0.009420768637937726, 0.011143871353851864, 0.009411147089849692, 0.015789635024702875, 0.008461151457595406, 0.0102738190216769, 0.008628186435089447, 0.009412244260602165, 0.008411006343521876, 0.008941918036725838, 0.008923722176405136, 0.010210157615802018, 0.008515584038832458, 