{"recall": 0.7761408018984526, "precision": 0.7877046519135804, "f1": 0.7772498322950968, "loss": [0.47937029995955527, 0.28128998610191047, 0.21474921610206366, 0.18302517419215292, 0.1635770257562399, 0.14909546944545582, 0.13880249502835795, 0.13086846855003387, 0.12526852573500946, 0.11886549362679943, 0.11381299968343228, 0.10994333279086277, 0.10574314708355814, 0.1042297740932554, 0.10115716408472508, 0.09789411711972207, 0.09541779954452068, 0.0930000371299684, 0.09174681990407407, 0.08885333692887798, 0.08656264236196876, 0.08508025744231418, 0.08585439046146348, 0.08131900429725647, 0.07945973693858832, 0.07773669695598073, 0.076493879489135, 0.07489388209069148, 0.07317457743920386, 0.07337617353186943, 0.07188681021216325, 0.07025191886350513, 0.06843663690960966, 0.06729832570999861, 0.06653662351891398, 0.0665409724751953, 0.06378181674517691, 0.0626775783021003, 0.06261974683729932, 0.06120084019494243, 0.061047659983159974, 0.05995249320403673, 0.059825418109539896, 0.057489137921947986, 0.05712765039061196, 0.057533720770152286, 0.05554637749446556, 0.05439937021583319, 0.05438024550676346, 0.05343146275845356, 0.05383193853776902, 0.05209608166478574, 0.05221830733353272, 0.05033186567015946, 0.050142845924710855, 0.049286858906270936, 0.05096718724234961, 0.04766531882341951, 0.04727668393752538, 0.04688931893906556, 0.046751757588936016, 0.048003421077737585, 0.04618620686233044, 0.044511292173410766, 0.044706952379783615, 0.0433753828110639, 0.044015247563947923, 0.0453817050147336, 0.042270185935194604, 0.042739804746815935, 0.04169089172501117, 0.0423971497657476, 0.04142945830244571, 0.04033586650621146, 0.04094716132385656, 0.03933280103956349, 0.03911412099841982, 0.03971428022487089, 0.03967949634534307, 0.037526223706663586, 0.039446421680622734, 0.03832690461422317, 0.03676911424554419, 0.03660489678441081, 0.036158793649519794, 0.0356852252734825, 0.0375958295626333, 0.03677348747442011, 0.036372410104377195, 0.03576748358318582, 0.03538654911972117, 0.034088213375071064, 0.03378118648834061, 0.033196649033925496, 0.03262051890487783, 0.03422407935431693, 0.03291469134273939, 0.032465605458128266, 0.03289316577138379, 0.03213640929607209, 0.032058989760116674, 0.03334532311419025, 0.03097223152872175, 0.032146894722245634, 0.0309847545431694, 0.03142931750335265, 0.03217757018865086, 0.030946075479732826, 0.031603001028997824, 0.029543620097683743, 0.029465069470461458, 0.029058664833428338, 0.028405196251696907, 0.02953042319859378, 0.028773420344805345, 0.02878782944753766, 0.02912757139711175, 0.02854687014769297, 0.028018646728014573, 0.03279026884410996, 0.027154103270731866, 0.02746447281970177, 0.027161027654074132, 0.0294964995700866, 0.026269277746905573, 0.0266809860477224, 0.027119038611999713, 0.026775525097036734, 0.02754616773017915, 0.02577253555500647, 0.025598104126402177, 0.027062181994551793, 0.026651214575394988, 0.025149357279588003, 0.02517497072403785, 0.025102005449298304, 0.023892170407634694, 0.02475653527653776, 0.0245298225490842, 0.024365574674448, 0.025867864525935147, 0.024726328301767353, 0.024168232703232206, 0.02345424266968621, 0.02389756184857106, 0.023226172968861647, 0.02299361733457772, 0.023699076933553442, 0.023859108812757768, 0.023941361178003717, 0.022307275801722426, 0.022976384512730874, 0.022443304704211187, 0.023282931906578597, 0.022308000829070807, 0.021997791016474366, 0.021627599351631943, 0.021608898940030485, 0.02282259814091958, 0.02179601337411441, 0.021878623687371146, 0.0212085742095951, 0.021381318394560367, 0.020387623029819224, 0.021670026704669, 0.021411310357507318, 0.02104422543925466, 0.02082267968216911, 0.020026418562338222, 0.019812521102721803, 0.020053539017681032, 0.021220326641923748, 0.020699828033684753, 0.0199788205063669, 0.01963725387759041, 0.02209536056034267, 0.019564007117878646, 0.019536008687282447, 0.01925700380525086, 0.018471163290087134, 0.01861122063564835, 0.01897859069867991, 0.01911380328965606, 0.01905255267774919, 0.019378030076040886, 0.01841439558484126, 0.018570239284599666, 0.018230108566058334, 0.018044606113107875, 0.018713456564000808, 0.018323459378734697, 0.018063957133563235, 0.018652217186172493, 0.01755651243729517, 0.017479142021329608, 0.017947115949937142, 0.01736518032703316, 0.01755967112694634, 0.017800970505049918, 0.01765480061294511, 0.019408420426771045, 0.01690760627388954, 0.018402590445475653, 0.016675819955707993, 0.01691488170035882, 0.017535591090563685, 0.016619677080598194, 0.016556602946366183, 0.01646411190449726, 0.016683226225723047, 0.01792002187721664, 0.016028075726353563, 0.016547672406886704, 0.01621306208835449, 0.01555348595866235, 0.016528096537513193, 0.019030967639992014, 0.015634507937647868, 0.016871738582267426, 0.016137720813276246, 0.01720720911544049, 0.0152367687842343, 0.01502540667570429, 0.014964272304496262, 0.015048699355247663, 0.015572874930512626, 0.015321299073548289, 0.014858383692626376, 0.016224233455432113, 0.016001166506612208, 0.014819536118011456, 0.014705563480674755, 0.014812064335274044, 0.019936216973292176, 0.01452137823071098, 0.015461926901480183, 0.014741413709998596, 0.013783837101073004, 0.014238633957575075, 0.014172579867590684, 0.014227647669031285, 0.014955309270590078, 0.014713210523041198, 0.015510683624597732, 0.013617773962323554, 0.014311851067759562, 0.0148418018798111, 0.014369023680046666, 0.015261407075740863, 0.013780025110463612, 0.01702138325345004, 0.013744464267801959, 0.013090291526168585, 0.013115565063344548, 0.013653834197612014, 0.01369195766892517, 0.014569478065823205, 0.013075648490485037, 0.013476581101713236, 0.013274122553411871, 0.013267291069496423, 0.014189815043209819, 0.013313273761013988, 0.012981049148947932, 0.014731201910763048, 0.013022131151956273, 0.012667952334595611, 0.014651895653514657, 0.01343222821742529, 0.012886225966212805, 0.012819691652111942, 0.0132716635162069, 0.012757749027514365, 0.01295413775369525, 0.013949531043181196, 0.012889454570540693, 0.012171532303909771, 0.01290816227265168, 0.012301162500079954, 0.012143940119131003, 0.01207525316203828, 0.01623736980764079, 0.012555254372273339, 0.012160894049884519, 0.011914986433112063, 0.014510353019431932, 0.01297421532945009, 0.011769847034884151, 0.012479192922910443, 0.011644147845800035, 0.011905995772394817, 0.011353943347785389, 0.012546818707050988, 0.011836226243758574, 0.011751042849937221, 0.011387017682864098, 0.011550517850992037, 0.013912578877352644, 0.011699323917127913, 0.012155394546425669, 0.011371867145498982, 0.011422504427173408, 0.011316075982904295, 0.011043975970096653, 0.01167637352773454, 0.01137837591159041, 0.012282118961593369, 0.01090964555987739, 0.011549620419827988, 0.011259352249908261, 0.015979351792339003, 0.012189285964268493, 0.012458059998607496, 0.01176563580520451, 0.01140481559195905, 0.010798704301123507, 0.011058287782361731, 0.010490919408766786, 0.012090912772691809, 0.010461798916367115, 0.011128310481581138, 0.010539387520111632, 0.010513897876080591, 0.010666673711966723, 0.010880696270760382, 0.012438105117325904, 0.01356014466000488, 0.010416688091936521, 0.010294528590748087, 0.010215470527327852, 0.010550023984251311, 0.011038286844268441, 0.011422249113820726, 0.014353512222442077, 0.009751310222782195, 0.01063042651367141, 0.009757153118698625, 0.012305685151659418, 0.010182642810832476, 0.01029033201848506, 0.009994634307076922, 0.010972483869409189, 0.012720632792479591, 0.01026085736521054, 0.009706859083962627, 0.010311641839507502, 0.00996743209543638, 0.011252261385379825, 0.009621227924071718, 0.010463975380844204, 0.010295102856616722, 0.011167669217684306, 0.011205547514691716, 0.009604568349459441, 0.010143789546418702, 0.011721763698005816, 0.00947268102754606, 0.010525786106882151, 0.00987901597545715, 0.009351492655696347, 0.009531958956358721, 0.009989784241042798, 0.009352475059131393, 0.010539905229961732, 0.010534636323427549, 0.011805487800302217, 0.013766561307420488, 