{"recall": 0.7476640134473723, "precision": 0.7626394644526544, "f1": 0.7499912734995273, "loss": [0.4773377855308354, 0.2790437648072839, 0.2142780947033316, 0.18307339621242136, 0.16202767007052898, 0.14631279959576204, 0.1352699528215453, 0.12619758007349446, 0.12005716521525756, 0.11545032367575914, 0.10931372712366283, 0.10723453341051936, 0.10203757992712781, 0.10133696562843397, 0.09671580279245973, 0.09443194163031876, 0.09203493100358173, 0.09107172448420897, 0.08866150787798688, 0.08670441503636539, 0.08500336459837854, 0.0833525113412179, 0.08123571425676346, 0.08010086070862599, 0.07817350586992688, 0.07588564627803862, 0.0747320655209478, 0.07277521878131665, 0.07252147016697563, 0.07135507234488614, 0.07009548682253808, 0.07022868725471199, 0.06737903747125529, 0.06690957004320808, 0.06527576968073845, 0.06503544194856659, 0.06371317524462938, 0.06195453126565553, 0.06199975643539801, 0.06021570798475295, 0.05964370252331719, 0.057811386534012854, 0.05744398583192378, 0.057213536492781714, 0.056063582334900275, 0.0556339394825045, 0.054399182146880776, 0.05364227792597376, 0.05535385126131587, 0.05157516829785891, 0.051343126891879365, 0.05038342109764926, 0.05053467978723347, 0.050146518129622564, 0.04914185285451822, 0.049227902869461104, 0.04749089456163347, 0.04772780725033954, 0.04765693470835686, 0.0461846032703761, 0.04540634684963152, 0.04713055380852893, 0.04482899003778584, 0.04426012237672694, 0.04406906172516756, 0.04351138680067379, 0.0424917147756787, 0.042454396476387046, 0.04251706867944449, 0.041162737979902886, 0.040655720193171874, 0.040865163813577965, 0.04027133359340951, 0.04008753258676734, 0.038910013739950955, 0.038849835356813855, 0.03894639530335553, 0.038768099911976606, 0.03757090083672665, 0.037581463329843245, 0.03739395295269787, 0.03702611547487322, 0.03551750900805928, 0.03577927935111802, 0.03498318087076768, 0.03476875122578349, 0.03589694085530937, 0.034259911233675666, 0.03391915115935262, 0.033604034993913956, 0.03306901459291112, 0.032828777708346024, 0.034443318043486215, 0.03348556954006199, 0.03272379453119356, 0.03273279361019377, 0.031420927378349006, 0.031520478398306295, 0.03118537833506707, 0.030929382803151384, 0.03215616551460698, 0.030528922710800543, 0.030114108638372272, 0.02949288339004852, 0.03166467616392765, 0.029100998988724314, 0.03013518376974389, 0.02900189728825353, 0.02896287506155204, 0.031210296176141128, 0.028378967675962485, 0.028402482930687256, 0.02767064426734578, 0.02686840646492783, 0.028229744799318723, 0.0273710121109616, 0.02737207898462657, 0.028580756814335473, 0.02612578825210221, 0.026688764162827283, 0.026103999487531837, 0.0263938005809905, 0.027108302085252944, 0.025145693907688837, 0.026542199499090202, 0.025919605759554543, 0.02494471763202455, 0.024947468351456337, 0.026584408624330536, 0.02500942281767493, 0.024602548030088656, 0.024347309496079106, 0.024471262833685614, 0.025203272962244228, 0.023062395295710303, 0.023345584042544942, 0.023592173361976165, 0.023237448069266975, 0.022746065696992446, 0.02413051063194871, 0.023462373734219, 0.022153941958094947, 0.0225814583391184, 0.024498765895259567, 0.02194473064446356, 0.022890288455528207, 0.02283100428758189, 0.02112604484136682, 0.021288883508532308, 0.021513645209779497, 0.02155976727954112, 0.023865228358772583, 0.02205241929186741, 0.02103628110489808, 0.023613614866917487, 0.022054234410461504, 0.02191292940551648, 0.02021960362617392, 0.020097190397791564, 0.020157919883786235, 0.020498820798820816, 0.02107561718003126, 0.020355088854557835, 0.019746055295399856, 0.019803131493972614, 0.020612820000678767, 0.019403446051001083, 0.019620224004029296, 0.02239364954584744, 0.01876747261849232, 0.019057058183534537, 0.0191123353652074, 0.019103955033642706, 0.01808682557020802, 0.02192569261387689, 0.01864954330085311, 0.018153704004362226, 0.01811497315793531, 0.018013327178778127, 0.017823853850131854, 0.01778110243321862, 0.01766291919921059, 0.018581252319563646, 0.018614846892887726, 0.01744054409209639, 0.0185773541816161, 0.01852010443690233, 0.01687675052380655, 0.019059897582337726, 0.017439341463614255, 0.01675609958329005, 0.01794619501743, 0.016617159461020492, 0.018608422156830784, 0.01663563725014683, 0.016387205228966195, 0.016408057548687793, 0.01647691619291436, 0.016442310443380848, 0.01686065801914083, 0.01706136058055563, 0.01579603093705373, 0.015463402785826474, 0.015773214545333758, 0.015646021282009315, 0.016501949685334694, 0.018013558888924308, 0.01973996704327874, 0.015692847991886083, 0.016502700425917283, 0.01490401079354342, 0.015462879513506778, 0.015237896630424075, 0.014964147667342331, 0.01568192325794371, 0.015026422261144035, 0.014344321229145862, 0.015694279602030292, 0.01651067382772453, 0.014377542160218582, 0.01484525203704834, 0.016421615873696283, 0.014855924382572994, 0.014290058254118776, 0.014738760626642033, 0.014215808565495536, 0.014365899856784381, 0.013689604624232743, 0.015669558211811818, 0.014590462462365394, 0.015671685039706063, 0.013992114945722278, 0.014284376666182652, 0.01740471578159486, 0.015998915456293616, 0.013489706900145393, 0.013452639876049943, 0.01520121409703279, 0.0131897505489178, 0.013378903378907125, 0.013345710329303984, 0.013741980412305566, 0.013111007316183532, 0.014920539724698756, 0.014224547958292533, 0.013263892760733142, 0.01358939241617918, 0.013138554371835198, 0.014067126037843991, 0.012758167489664629, 0.013765085514023667, 0.012493134057876887, 0.013220277265645564, 0.015464150481420802, 0.015545148882665671, 0.01200068301477586, 0.015051988197228638, 0.011939395335502923, 0.013774003666185308, 0.012964497847860912, 0.013032928192842519, 0.013298474867042387, 0.012275883498659823, 0.01239908122079214, 0.012098190676624654, 0.012032887003442738, 0.012302513412578264, 0.012049946784827625, 0.012052721471263794, 0.012288894366065506, 0.012916202111227904, 0.01206476799052325, 0.011699870359734632, 0.01155256908168667, 0.012520593205408659, 0.013457833276333986, 0.012233484812895767, 0.011479616008728044, 0.011550438164704246, 0.013829283911036327, 0.014460538011917379, 0.012740202240820508, 0.01162099670182215, 0.012119136164983502, 0.011083178542321548, 0.012564475797262276, 0.012217491021146998, 0.010937385090073803, 0.012735242384223966, 0.011083370307460427, 0.010756699430203298, 0.012560216258862056, 0.011397723894333467, 0.010990495953592472, 0.011635989383648848, 0.011291293929389212, 0.011086106987931998, 0.011085115096648224, 0.011525622510816902, 0.011446570071711903, 0.010580281621514587, 0.01103845125544467, 0.010420730875921436, 0.012494924099883065, 0.011599885849136626, 0.010349450443754904, 0.010875172574742464, 0.010836965491762385, 0.010708815963880625, 0.012069163316482445, 0.010254245407850249, 0.009908742598781828, 0.010447713520989055, 0.01033371146331774, 0.01131136406911537, 0.012655391557927942, 0.010450833389768377, 0.010402538246125914, 0.010408113550511189, 0.010194205566222081, 0.01280220294938772, 0.010405396966234548, 0.011710316852258984, 0.009691637518699281, 0.010943007458990905, 0.010152449245651951, 0.010350333159294678, 0.010214032627118286, 0.009758467102074064, 0.009788418108655605, 0.010890650333749363, 0.009759230713825673, 0.009763708243553992, 0.009566917555275722, 0.01030811935197562, 0.009839453534368658, 0.011532713739143219, 0.009896488911181223, 0.01020501903622062, 0.010256645262415987, 0.010020297955634305, 0.01030747666300158, 0.009558037880196935, 0.009454743478272576, 0.009571143484208733, 0.010253039643430384, 0.009449170014704578, 0.012495554619817995, 0.009380538507684832, 0.009007236658362672, 0.009176709409075556, 0.010761523692053743, 0.009064977475645719, 0.010723682316893246, 0.008910808153814287, 0.009373312826937763, 0.00951398794859415, 0.008640199801448034, 0.010038516327767866, 0.008788602506683674, 0.008743543417949695, 0.008846734894177644, 0.009169832621410023, 0.008881527563062264, 0.009668441492976854, 0.009051715984242037, 